Timestamp,Job Title,Company,Job URL,Reason
2026-09-28 09:45:15,Python Developer,Ziroh Labs,https://www.naukri.com/job-listings-python-developer-ziroh-labs-bengaluru-1-to-2-years-220926503346,External company site
2026-09-28 09:45:18,Python Developer,Ziroh Labs,https://www.naukri.com/job-listings-python-developer-ziroh-labs-bengaluru-1-to-2-years-220926503346?src=directSearch&sid=17905887089625749&xp=1&px=1,External company site
2026-09-28 09:45:20,Python Developer,47billion,https://www.naukri.com/job-listings-python-developer-47-billion-information-technologies-private-limited-bengaluru-0-to-3-years-270726500368,External company site
2026-09-28 09:45:23,Python Developer,47billion,https://www.naukri.com/job-listings-python-developer-47-billion-information-technologies-private-limited-bengaluru-0-to-3-years-270726500368?src=directSearch&sid=17905887089625749&xp=2&px=1,External company site
2026-09-28 09:45:26,Python Developer,Appzlogic,https://www.naukri.com/job-listings-python-developer-appzlogic-mobility-solutions-pvt-ltd-kolkata-mumbai-new-delhi-hyderabad-pune-chennai-bengaluru-0-to-3-years-121124502854,External company site
2026-09-28 09:45:29,Python Developer,Appzlogic,https://www.naukri.com/job-listings-python-developer-appzlogic-mobility-solutions-pvt-ltd-kolkata-mumbai-new-delhi-hyderabad-pune-chennai-bengaluru-0-to-3-years-121124502854?src=directSearch&sid=17905887089625749&xp=3&px=1,External company site
2026-09-28 09:45:32,Python Developer,Webgo Software Labs,https://www.naukri.com/job-listings-python-developer-webgo-software-labs-bengaluru-0-to-2-years-151225501863,External company site
2026-09-28 09:45:35,Python Developer,Webgo Software Labs,https://www.naukri.com/job-listings-python-developer-webgo-software-labs-bengaluru-0-to-2-years-151225501863?src=directSearch&sid=17905887089625749&xp=4&px=1,External company site
2026-09-28 09:45:38,Python Developer,Acespire Tech Consulting,https://www.naukri.com/job-listings-python-developer-acespire-tech-consulting-bengaluru-1-to-2-years-170926501224,External company site
2026-09-28 09:45:41,Python Developer,Acespire Tech Consulting,https://www.naukri.com/job-listings-python-developer-acespire-tech-consulting-bengaluru-1-to-2-years-170926501224?src=directSearch&sid=17905887089625749&xp=5&px=1,External company site
2026-09-28 09:45:44,Python Developer,Billions United,https://www.naukri.com/job-listings-python-developer-billions-united-bengaluru-0-to-2-years-250725500803,External company site
2026-09-28 09:45:47,Python Developer,Billions United,https://www.naukri.com/job-listings-python-developer-billions-united-bengaluru-0-to-2-years-250725500803?src=directSearch&sid=17905887089625749&xp=6&px=1,External company site
2026-09-28 09:45:50,Python Developer,Appiness Interactive,https://www.naukri.com/job-listings-python-developer-appiness-interactive-pvt-ltd-bengaluru-2-to-3-years-070426500231,External company site
2026-09-28 09:45:53,Python Developer,Appiness Interactive,https://www.naukri.com/job-listings-python-developer-appiness-interactive-pvt-ltd-bengaluru-2-to-3-years-070426500231?src=directSearch&sid=17905887089625749&xp=7&px=1,External company site
2026-09-28 09:45:56,Python Developer,Virtualware Innovations,https://www.naukri.com/job-listings-python-developer-virtualware-innovations-bengaluru-2-to-5-years-030926500973,External company site
2026-09-28 09:45:59,Python Developer,Virtualware Innovations,https://www.naukri.com/job-listings-python-developer-virtualware-innovations-bengaluru-2-to-5-years-030926500973?src=directSearch&sid=17905887089625749&xp=8&px=1,External company site
2026-09-28 09:46:02,Python Developer,Quantumzyme,https://www.naukri.com/job-listings-python-developer-quantumzyme-bengaluru-2-to-5-years-030925502651,External company site
2026-09-28 09:46:04,Python Developer,Quantumzyme,https://www.naukri.com/job-listings-python-developer-quantumzyme-bengaluru-2-to-5-years-030925502651?src=directSearch&sid=17905887089625749&xp=9&px=1,External company site
2026-09-28 09:46:07,Python Developer,Calpion Software Technologies,https://www.naukri.com/job-listings-python-developer-calpion-software-technologies-private-ltd-bengaluru-2-to-5-years-201124501273,External company site
2026-09-28 09:46:10,Python Developer,Calpion Software Technologies,https://www.naukri.com/job-listings-python-developer-calpion-software-technologies-private-ltd-bengaluru-2-to-5-years-201124501273?src=directSearch&sid=17905887089625749&xp=10&px=1,External company site
2026-09-28 09:46:13,Python Developer,Nimblix Technologies,https://www.naukri.com/job-listings-python-developer-nimblix-technologies-bengaluru-2-to-5-years-170626501119,External company site
2026-09-28 09:46:16,Python Developer,Nimblix Technologies,https://www.naukri.com/job-listings-python-developer-nimblix-technologies-bengaluru-2-to-5-years-170626501119?src=directSearch&sid=17905887089625749&xp=11&px=1,External company site
2026-09-28 09:46:19,Python Developer,Ascent Cyber Solutions,https://www.naukri.com/job-listings-python-developer-ascent-cyber-solutions-bengaluru-2-to-6-years-160124500813,External company site
2026-09-28 09:46:22,Python Developer,Ascent Cyber Solutions,https://www.naukri.com/job-listings-python-developer-ascent-cyber-solutions-bengaluru-2-to-6-years-160124500813?src=directSearch&sid=17905887089625749&xp=12&px=1,External company site
2026-09-28 09:46:24,Python Developer,The It Mind Services,https://www.naukri.com/job-listings-python-developer-the-it-mind-bengaluru-2-to-5-years-100826501268,External company site
2026-09-28 09:46:27,Python Developer,The It Mind Services,https://www.naukri.com/job-listings-python-developer-the-it-mind-bengaluru-2-to-5-years-100826501268?src=directSearch&sid=17905887089625749&xp=13&px=1,External company site
2026-09-28 09:46:30,Python Developer,Airo Digital Labs,https://www.naukri.com/job-listings-python-developer-airo-digital-labs-bengaluru-2-to-6-years-220525500996,External company site
2026-09-28 09:46:33,Python Developer,Airo Digital Labs,https://www.naukri.com/job-listings-python-developer-airo-digital-labs-bengaluru-2-to-6-years-220525500996?src=directSearch&sid=17905887089625749&xp=14&px=1,External company site
2026-09-28 09:46:36,Python Developer,Pegasus Knowledge Solutions (PKSI),https://www.naukri.com/job-listings-python-developer-pegasus-knowledge-solutions-india-private-limited-bengaluru-2-to-6-years-290121501232,External company site
2026-09-28 09:46:39,Python Developer,Pegasus Knowledge Solutions (PKSI),https://www.naukri.com/job-listings-python-developer-pegasus-knowledge-solutions-india-private-limited-bengaluru-2-to-6-years-290121501232?src=directSearch&sid=17905887089625749&xp=15&px=1,External company site
2026-09-28 09:46:42,Python Developer,Codigo Technologies,https://www.naukri.com/job-listings-python-developer-codigo-world-bengaluru-2-to-7-years-081225501291,External company site
2026-09-28 09:46:45,Python Developer,Codigo Technologies,https://www.naukri.com/job-listings-python-developer-codigo-world-bengaluru-2-to-7-years-081225501291?src=directSearch&sid=17905887089625749&xp=16&px=1,External company site
2026-09-28 09:46:47,Python Developer,Stalwart Themius,https://www.naukri.com/job-listings-python-developer-stalwart-themius-bengaluru-2-to-7-years-190226502010,External company site
2026-09-28 09:46:50,Python Developer,Stalwart Themius,https://www.naukri.com/job-listings-python-developer-stalwart-themius-bengaluru-2-to-7-years-190226502010?src=directSearch&sid=17905887089625749&xp=17&px=1,External company site
2026-09-28 09:46:53,Python Developer,Tech Stalwart Solution,https://www.naukri.com/job-listings-python-developer-tech-stalwart-solution-private-limited-bengaluru-2-to-7-years-100625503044,External company site
2026-09-28 09:46:56,Python Developer,Tech Stalwart Solution,https://www.naukri.com/job-listings-python-developer-tech-stalwart-solution-private-limited-bengaluru-2-to-7-years-100625503044?src=directSearch&sid=17905887089625749&xp=18&px=1,External company site
2026-09-28 09:46:59,Python Developer,Ferilion Labs,https://www.naukri.com/job-listings-python-developer-ferilion-labs-bengaluru-2-to-5-years-150926504196,External company site
2026-09-28 09:47:02,Python Developer,Ferilion Labs,https://www.naukri.com/job-listings-python-developer-ferilion-labs-bengaluru-2-to-5-years-150926504196?src=directSearch&sid=17905887089625749&xp=19&px=1,External company site
2026-09-28 09:47:28,Python Developer,Conneqt,https://www.naukri.com/job-listings-python-developer-conneqtbusinesssolutions-bengaluru-0-to-3-years-130125504731,External company site
2026-09-28 09:47:31,Python Developer,Conneqt,https://www.naukri.com/job-listings-python-developer-conneqtbusinesssolutions-bengaluru-0-to-3-years-130125504731?src=directSearch&sid=17905888419083601&xp=1&px=2,External company site
2026-09-28 09:47:34,Python/Web Developer,Qantom,https://www.naukri.com/job-listings-python-web-developer-qantom-software-bengaluru-0-to-3-years-100521500141,External company site
2026-09-28 09:47:38,Python/Web Developer,Qantom,https://www.naukri.com/job-listings-python-web-developer-qantom-software-bengaluru-0-to-3-years-100521500141?src=directSearch&sid=17905888419083601&xp=2&px=2,External company site
2026-09-28 09:47:41,Python Developer,Techasoft,https://www.naukri.com/job-listings-python-developer-techasoft-bengaluru-0-to-2-years-120826502637,External company site
2026-09-28 09:47:44,Python Developer,Techasoft,https://www.naukri.com/job-listings-python-developer-techasoft-bengaluru-0-to-2-years-120826502637?src=directSearch&sid=17905888419083601&xp=3&px=2,External company site
2026-09-28 09:47:47,Python Developer,Navadhiti Business Consultancy,https://www.naukri.com/job-listings-python-developer-navadhiti-bengaluru-1-to-3-years-160623501826,External company site
2026-09-28 09:47:50,Python Developer,Navadhiti Business Consultancy,https://www.naukri.com/job-listings-python-developer-navadhiti-bengaluru-1-to-3-years-160623501826?src=directSearch&sid=17905888419083601&xp=4&px=2,External company site
2026-09-28 09:47:53,Python Developer,Cybrosys,https://www.naukri.com/job-listings-python-developer-cybrosys-technologies-pvt-ltd-bengaluru-0-to-2-years-041225503119,External company site
2026-09-28 09:47:55,Python Developer,Cybrosys,https://www.naukri.com/job-listings-python-developer-cybrosys-technologies-pvt-ltd-bengaluru-0-to-2-years-041225503119?src=directSearch&sid=17905888419083601&xp=5&px=2,External company site
2026-09-28 09:47:59,Python Developer,Storilabs System,https://www.naukri.com/job-listings-python-developer-storilabs-system-technologies-bengaluru-0-to-2-years-141124505436,External company site
2026-09-28 09:48:02,Python Developer,Storilabs System,https://www.naukri.com/job-listings-python-developer-storilabs-system-technologies-bengaluru-0-to-2-years-141124505436?src=directSearch&sid=17905888419083601&xp=6&px=2,External company site
2026-09-28 09:48:23,Python Developer,Stellentcg,https://www.naukri.com/job-listings-python-developer-stellent-bengaluru-1-to-4-years-111224502837,External company site
2026-09-28 09:48:26,Python Developer,Stellentcg,https://www.naukri.com/job-listings-python-developer-stellent-bengaluru-1-to-4-years-111224502837?src=directSearch&sid=17905888419083601&xp=8&px=2,External company site
2026-09-28 09:48:29,"Software Developer- Python, Django",Exposys Data Labs,https://www.naukri.com/job-listings-software-developer-python-django-exposys-data-labs-bengaluru-1-to-6-years-160724501326,External company site
2026-09-28 09:48:32,"Software Developer- Python, Django",Exposys Data Labs,https://www.naukri.com/job-listings-software-developer-python-django-exposys-data-labs-bengaluru-1-to-6-years-160724501326?src=directSearch&sid=17905888419083601&xp=9&px=2,External company site
2026-09-28 09:48:35,Python Developer,Acme Services,https://www.naukri.com/job-listings-python-developer-acme-services-bengaluru-2-to-6-years-070423500776,External company site
2026-09-28 09:48:37,Python Developer,Acme Services,https://www.naukri.com/job-listings-python-developer-acme-services-bengaluru-2-to-6-years-070423500776?src=directSearch&sid=17905888419083601&xp=10&px=2,External company site
2026-09-28 09:48:40,Python Developer,Technophilic,https://www.naukri.com/job-listings-python-developer-technophilic-private-limited-bengaluru-2-to-5-years-040825501169,External company site
2026-09-28 09:48:43,Python Developer,Technophilic,https://www.naukri.com/job-listings-python-developer-technophilic-private-limited-bengaluru-2-to-5-years-040825501169?src=directSearch&sid=17905888419083601&xp=11&px=2,External company site
2026-09-28 09:48:46,Python Developer,iNetFrame,https://www.naukri.com/job-listings-python-developer-inetframe-technologies-bengaluru-2-to-5-years-130225503591,External company site
2026-09-28 09:48:49,Python Developer,iNetFrame,https://www.naukri.com/job-listings-python-developer-inetframe-technologies-bengaluru-2-to-5-years-130225503591?src=directSearch&sid=17905888419083601&xp=12&px=2,External company site
2026-09-28 09:48:51,Python Developer,Storilabs System,https://www.naukri.com/job-listings-python-developer-storilabs-system-technologies-bengaluru-2-to-5-years-141124505438,External company site
2026-09-28 09:48:55,Python Developer,Storilabs System,https://www.naukri.com/job-listings-python-developer-storilabs-system-technologies-bengaluru-2-to-5-years-141124505438?src=directSearch&sid=17905888419083601&xp=13&px=2,External company site
2026-09-28 09:49:16,python developer,Pentoz Technology,https://www.naukri.com/job-listings-python-developer-pentoz-bengaluru-2-to-6-years-150126502079,External company site
2026-09-28 09:49:19,python developer,Pentoz Technology,https://www.naukri.com/job-listings-python-developer-pentoz-bengaluru-2-to-6-years-150126502079?src=directSearch&sid=17905888419083601&xp=15&px=2,External company site
2026-09-28 09:49:22,Python Developer,Vaibhav Vyapaar,https://www.naukri.com/job-listings-python-developer-vaibhav-vyapaar-pvt-ltd-bengaluru-2-to-6-years-160424501497,External company site
2026-09-28 09:49:25,Python Developer,Vaibhav Vyapaar,https://www.naukri.com/job-listings-python-developer-vaibhav-vyapaar-pvt-ltd-bengaluru-2-to-6-years-160424501497?src=directSearch&sid=17905888419083601&xp=16&px=2,External company site
2026-09-28 09:49:28,Python Developer,Prolegion,https://www.naukri.com/job-listings-python-developer-prolegion-kolkata-mumbai-new-delhi-hyderabad-pune-chennai-bengaluru-2-to-5-years-200525503689,External company site
2026-09-28 09:49:31,Python Developer,Prolegion,https://www.naukri.com/job-listings-python-developer-prolegion-kolkata-mumbai-new-delhi-hyderabad-pune-chennai-bengaluru-2-to-5-years-200525503689?src=directSearch&sid=17905888419083601&xp=17&px=2,External company site
2026-09-28 09:49:34,Python Developer- Networking domain,Blue Planet Solutions,https://www.naukri.com/job-listings-python-developer-networking-domain-blue-planet-solutions-inc-bengaluru-2-to-7-years-080426504659,External company site
2026-09-28 09:49:37,Python Developer- Networking domain,Blue Planet Solutions,https://www.naukri.com/job-listings-python-developer-networking-domain-blue-planet-solutions-inc-bengaluru-2-to-7-years-080426504659?src=directSearch&sid=17905888419083601&xp=18&px=2,External company site
2026-09-28 09:49:39,Python Developer,Weboccult Technologies,https://www.naukri.com/job-listings-python-developer-weboccult-technologies-kolkata-mumbai-new-delhi-hyderabad-pune-chennai-bengaluru-2-to-5-years-100225503864,External company site
2026-09-28 09:49:42,Python Developer,Weboccult Technologies,https://www.naukri.com/job-listings-python-developer-weboccult-technologies-kolkata-mumbai-new-delhi-hyderabad-pune-chennai-bengaluru-2-to-5-years-100225503864?src=directSearch&sid=17905888419083601&xp=19&px=2,External company site
2026-09-28 09:49:45,Python Developer,Ebsl Automat,https://www.naukri.com/job-listings-python-developer-ebsl-automat-pvt-ltd-bengaluru-2-to-6-years-040121501617,External company site
2026-09-28 09:49:48,Python Developer,Ebsl Automat,https://www.naukri.com/job-listings-python-developer-ebsl-automat-pvt-ltd-bengaluru-2-to-6-years-040121501617?src=directSearch&sid=17905888419083601&xp=20&px=2,External company site
2026-09-28 09:49:56,Senior Python Developer,Attify,https://www.naukri.com/job-listings-senior-python-developer-attify-bengaluru-1-to-3-years-270217500039,External company site
2026-09-28 09:49:58,Senior Python Developer,Attify,https://www.naukri.com/job-listings-senior-python-developer-attify-bengaluru-1-to-3-years-270217500039?src=directSearch&sid=17905889896874958&xp=1&px=3,External company site
2026-09-28 09:50:01,Python developer Professional,Krazy Mantra It,https://www.naukri.com/job-listings-python-developer-professional-krazy-mantra-group-of-companies-hyderabad-chennai-bengaluru-1-to-3-years-270325505657,External company site
2026-09-28 09:50:04,Python developer Professional,Krazy Mantra It,https://www.naukri.com/job-listings-python-developer-professional-krazy-mantra-group-of-companies-hyderabad-chennai-bengaluru-1-to-3-years-270325505657?src=directSearch&sid=17905889896874958&xp=2&px=3,External company site
2026-09-28 09:50:07,Jr. Web developer / Jr. Odoo or Python developer,Navabrind IT Solutions,https://www.naukri.com/job-listings-jr-web-developer-jr-odoo-or-python-developer-navabrind-it-solutions-bengaluru-1-to-3-years-071025502084,External company site
2026-09-28 09:50:11,Jr. Web developer / Jr. Odoo or Python developer,Navabrind IT Solutions,https://www.naukri.com/job-listings-jr-web-developer-jr-odoo-or-python-developer-navabrind-it-solutions-bengaluru-1-to-3-years-071025502084?src=directSearch&sid=17905889896874958&xp=3&px=3,External company site
2026-09-28 09:51:25,Senior Python Developer,Cogniquest,https://www.naukri.com/job-listings-senior-python-developer-cogniquest-ai-bengaluru-2-to-5-years-130526502150,External company site
2026-09-28 09:51:28,Senior Python Developer,Cogniquest,https://www.naukri.com/job-listings-senior-python-developer-cogniquest-ai-bengaluru-2-to-5-years-130526502150?src=directSearch&sid=17905889896874958&xp=8&px=3,External company site
2026-09-28 09:51:40,Software Engineer,Creative Hands HR,https://www.naukri.com/job-listings-software-engineer-creative-hands-hr-hyderabad-chennai-bengaluru-0-to-2-years-280926000975?src=directSearch&sid=17905889896874958&xp=9&px=3,No Apply button
2026-09-28 09:51:45,Full Stack Python Developer,Aritha Consulting Services,https://www.naukri.com/job-listings-full-stack-python-developer-aritha-consulting-services-pvt-ltd-bengaluru-2-to-4-years-071024503244,External company site
2026-09-28 09:51:48,Full Stack Python Developer,Aritha Consulting Services,https://www.naukri.com/job-listings-full-stack-python-developer-aritha-consulting-services-pvt-ltd-bengaluru-2-to-4-years-071024503244?src=directSearch&sid=17905889896874958&xp=10&px=3,External company site
2026-09-28 09:51:52,Senior Associate Python Developers,PwC Service Delivery Center,https://www.naukri.com/job-listings-senior-associate-python-developers-pricewaterhouse-coopers-service-delivery-center-kolkata-bengaluru-2-to-5-years-011124500050,External company site
2026-09-28 09:51:54,Senior Associate Python Developers,PwC Service Delivery Center,https://www.naukri.com/job-listings-senior-associate-python-developers-pricewaterhouse-coopers-service-delivery-center-kolkata-bengaluru-2-to-5-years-011124500050?src=directSearch&sid=17905889896874958&xp=11&px=3,External company site
2026-09-28 09:51:57,Custom Software Engineer,Accenture,https://www.naukri.com/job-listings-custom-software-engineer-accenture-solutions-pvt-ltd-bengaluru-2-to-7-years-220926939162,External company site
2026-09-28 09:52:00,Custom Software Engineer,Accenture,https://www.naukri.com/job-listings-custom-software-engineer-accenture-solutions-pvt-ltd-bengaluru-2-to-7-years-220926939162?src=directSearch&sid=17905889896874958&xp=12&px=3,External company site
2026-09-28 09:52:03,Custom Software Engineer,Accenture,https://www.naukri.com/job-listings-custom-software-engineer-accenture-solutions-pvt-ltd-bengaluru-2-to-7-years-220926941303,External company site
2026-09-28 09:52:06,Custom Software Engineer,Accenture,https://www.naukri.com/job-listings-custom-software-engineer-accenture-solutions-pvt-ltd-bengaluru-2-to-7-years-220926941303?src=directSearch&sid=17905889896874958&xp=13&px=3,External company site
2026-09-28 09:52:09,Custom Software Engineer,Accenture,https://www.naukri.com/job-listings-custom-software-engineer-accenture-solutions-pvt-ltd-bengaluru-2-to-5-years-220926942280,External company site
2026-09-28 09:52:12,Custom Software Engineer,Accenture,https://www.naukri.com/job-listings-custom-software-engineer-accenture-solutions-pvt-ltd-bengaluru-2-to-5-years-220926942280?src=directSearch&sid=17905889896874958&xp=14&px=3,External company site
2026-09-28 09:52:15,Custom Software Engineer,Accenture,https://www.naukri.com/job-listings-custom-software-engineer-accenture-solutions-pvt-ltd-bengaluru-2-to-7-years-220926941583,External company site
2026-09-28 09:52:18,Custom Software Engineer,Accenture,https://www.naukri.com/job-listings-custom-software-engineer-accenture-solutions-pvt-ltd-bengaluru-2-to-7-years-220926941583?src=directSearch&sid=17905889896874958&xp=15&px=3,External company site
2026-09-28 09:52:21,Custom Software Engineer,Accenture,https://www.naukri.com/job-listings-custom-software-engineer-accenture-solutions-pvt-ltd-bengaluru-2-to-5-years-220926941830,External company site
2026-09-28 09:52:24,Custom Software Engineer,Accenture,https://www.naukri.com/job-listings-custom-software-engineer-accenture-solutions-pvt-ltd-bengaluru-2-to-5-years-220926941830?src=directSearch&sid=17905889896874958&xp=16&px=3,External company site
2026-09-28 09:52:27,Custom Software Engineer,Accenture,https://www.naukri.com/job-listings-custom-software-engineer-accenture-solutions-pvt-ltd-bengaluru-2-to-5-years-220926939827,External company site
2026-09-28 09:52:30,Custom Software Engineer,Accenture,https://www.naukri.com/job-listings-custom-software-engineer-accenture-solutions-pvt-ltd-bengaluru-2-to-5-years-220926939827?src=directSearch&sid=17905889896874958&xp=17&px=3,External company site
2026-09-28 09:52:32,Custom Software Engineer,Accenture,https://www.naukri.com/job-listings-custom-software-engineer-accenture-solutions-pvt-ltd-bengaluru-2-to-5-years-220926943349,External company site
2026-09-28 09:52:35,Custom Software Engineer,Accenture,https://www.naukri.com/job-listings-custom-software-engineer-accenture-solutions-pvt-ltd-bengaluru-2-to-5-years-220926943349?src=directSearch&sid=17905889896874958&xp=18&px=3,External company site
2026-09-28 09:52:38,Custom Software Engineer,Accenture,https://www.naukri.com/job-listings-custom-software-engineer-accenture-solutions-pvt-ltd-bengaluru-2-to-5-years-220926941242,External company site
2026-09-28 09:52:41,Custom Software Engineer,Accenture,https://www.naukri.com/job-listings-custom-software-engineer-accenture-solutions-pvt-ltd-bengaluru-2-to-5-years-220926941242?src=directSearch&sid=17905889896874958&xp=19&px=3,External company site
2026-09-28 09:52:44,Custom Software Engineer,Accenture,https://www.naukri.com/job-listings-custom-software-engineer-accenture-solutions-pvt-ltd-bengaluru-2-to-7-years-230926935827,External company site
2026-09-28 09:52:47,Custom Software Engineer,Accenture,https://www.naukri.com/job-listings-custom-software-engineer-accenture-solutions-pvt-ltd-bengaluru-2-to-7-years-230926935827?src=directSearch&sid=17905889896874958&xp=20&px=3,External company site
2026-09-28 09:53:26,DevOps Engineer,Simreka,https://www.naukri.com/job-listings-devops-engineer-simreka-devtaar-gmbh-bengaluru-1-to-3-years-210126502943,External company site
2026-09-28 09:53:29,DevOps Engineer,Simreka,https://www.naukri.com/job-listings-devops-engineer-simreka-devtaar-gmbh-bengaluru-1-to-3-years-210126502943?src=directSearch&sid=17905892004651638&xp=1&px=1,External company site
2026-09-28 09:53:32,Security & DevOps Engineer,Onder Shipthis Technologies,https://www.naukri.com/job-listings-security-devops-engineer-shipthis-bengaluru-1-to-2-years-160926503048,External company site
2026-09-28 09:53:35,Security & DevOps Engineer,Onder Shipthis Technologies,https://www.naukri.com/job-listings-security-devops-engineer-shipthis-bengaluru-1-to-2-years-160926503048?src=directSearch&sid=17905892004651638&xp=2&px=1,External company site
2026-09-28 09:53:38,Devops Engineer,Coverself Technologies,https://www.naukri.com/job-listings-devops-engineer-coverself-technologies-bengaluru-0-to-6-years-030826504172,External company site
2026-09-28 09:53:41,Devops Engineer,Coverself Technologies,https://www.naukri.com/job-listings-devops-engineer-coverself-technologies-bengaluru-0-to-6-years-030826504172?src=directSearch&sid=17905892004651638&xp=3&px=1,External company site
2026-09-28 09:53:44,DevOps Engineer,Logic Planet,https://www.naukri.com/job-listings-devops-engineer-logicplanet-it-services-hubli-mangaluru-mysuru-bengaluru-belgaum-0-to-5-years-240226505123,External company site
2026-09-28 09:53:47,DevOps Engineer,Logic Planet,https://www.naukri.com/job-listings-devops-engineer-logicplanet-it-services-hubli-mangaluru-mysuru-bengaluru-belgaum-0-to-5-years-240226505123?src=directSearch&sid=17905892004651638&xp=4&px=1,External company site
2026-09-28 09:53:49,DevOps Engineer,Auric Ai Labs,https://www.naukri.com/job-listings-devops-engineer-auric-ai-labs-bengaluru-0-to-2-years-270726503954,External company site
2026-09-28 09:53:52,DevOps Engineer,Auric Ai Labs,https://www.naukri.com/job-listings-devops-engineer-auric-ai-labs-bengaluru-0-to-2-years-270726503954?src=directSearch&sid=17905892004651638&xp=5&px=1,External company site
2026-09-28 09:53:55,DevOps Engineer,Torry Harris Business Solutions,https://www.naukri.com/job-listings-devops-engineer-torry-harris-bengaluru-1-to-6-years-220926500791,External company site
2026-09-28 09:53:58,DevOps Engineer,Torry Harris Business Solutions,https://www.naukri.com/job-listings-devops-engineer-torry-harris-bengaluru-1-to-6-years-220926500791?src=directSearch&sid=17905892004651638&xp=6&px=1,External company site
2026-09-28 09:54:01,DevOps Engineer,Rupstech,https://www.naukri.com/job-listings-devops-engineer-rupstech-private-limited-bengaluru-1-to-5-years-110926501324,External company site
2026-09-28 09:54:04,DevOps Engineer,Rupstech,https://www.naukri.com/job-listings-devops-engineer-rupstech-private-limited-bengaluru-1-to-5-years-110926501324?src=directSearch&sid=17905892004651638&xp=7&px=1,External company site
2026-09-28 09:54:07,Walk-in || Devops Engineer,Vaps Technosoft,https://www.naukri.com/job-listings-devops-engineer-vaps-technosoft-bengaluru-2-to-5-years-260926004066,No Apply button
2026-09-28 09:54:12,Walk-in || Devops Engineer,Vaps Technosoft,https://www.naukri.com/job-listings-devops-engineer-vaps-technosoft-bengaluru-2-to-5-years-260926004066?src=directSearch&sid=17905892004651638&xp=8&px=1,No Apply button
2026-09-28 09:54:18,DevOps Engineer,Torry Harris Business Solutions,https://www.naukri.com/job-listings-devops-engineer-torry-harris-business-solutions-bengaluru-2-to-4-years-280926013214,External company site
2026-09-28 09:54:21,DevOps Engineer,Torry Harris Business Solutions,https://www.naukri.com/job-listings-devops-engineer-torry-harris-business-solutions-bengaluru-2-to-4-years-280926013214?src=directSearch&sid=17905892004651638&xp=9&px=1,External company site
2026-09-28 09:54:24,Devops Engineer(CI/CD),Telloquent,https://www.naukri.com/job-listings-devops-engineer-ci-cd-telloquent-solutions-bengaluru-2-to-5-years-221125501530,External company site
2026-09-28 09:54:27,Devops Engineer(CI/CD),Telloquent,https://www.naukri.com/job-listings-devops-engineer-ci-cd-telloquent-solutions-bengaluru-2-to-5-years-221125501530?src=directSearch&sid=17905892004651638&xp=10&px=1,External company site
2026-09-28 09:54:30,DevOps Engineer,Quantbox Research,https://www.naukri.com/job-listings-devops-engineer-quantbox-research-bengaluru-2-to-7-years-170926503124,External company site
2026-09-28 09:54:33,DevOps Engineer,Quantbox Research,https://www.naukri.com/job-listings-devops-engineer-quantbox-research-bengaluru-2-to-7-years-170926503124?src=directSearch&sid=17905892004651638&xp=11&px=1,External company site
2026-09-28 09:54:36,DEVOPS ENGINEER,Cloud Counselage,https://www.naukri.com/job-listings-devops-engineer-cloud-counselage-pvt-ltd-bengaluru-2-to-3-years-301225507904,External company site
2026-09-28 09:54:39,DEVOPS ENGINEER,Cloud Counselage,https://www.naukri.com/job-listings-devops-engineer-cloud-counselage-pvt-ltd-bengaluru-2-to-3-years-301225507904?src=directSearch&sid=17905892004651638&xp=12&px=1,External company site
2026-09-28 09:54:41,DevOps Engineer 1,Zerodha,https://www.naukri.com/job-listings-devops-engineer-1-zerodha-fund-house-bengaluru-2-to-7-years-240926502281,External company site
2026-09-28 09:54:44,DevOps Engineer 1,Zerodha,https://www.naukri.com/job-listings-devops-engineer-1-zerodha-fund-house-bengaluru-2-to-7-years-240926502281?src=directSearch&sid=17905892004651638&xp=13&px=1,External company site
2026-09-28 09:54:47,DevOps Engineer,Accenture,https://www.naukri.com/job-listings-devops-engineer-accenture-solutions-pvt-ltd-bengaluru-2-to-5-years-220926938343,External company site
2026-09-28 09:54:50,DevOps Engineer,Accenture,https://www.naukri.com/job-listings-devops-engineer-accenture-solutions-pvt-ltd-bengaluru-2-to-5-years-220926938343?src=directSearch&sid=17905892004651638&xp=14&px=1,External company site
2026-09-28 09:54:53,DevOps Engineer,Dautom,https://www.naukri.com/job-listings-devops-engineer-dautom-bengaluru-2-to-6-years-190224502108,External company site
2026-09-28 09:54:56,DevOps Engineer,Dautom,https://www.naukri.com/job-listings-devops-engineer-dautom-bengaluru-2-to-6-years-190224502108?src=directSearch&sid=17905892004651638&xp=15&px=1,External company site
2026-09-28 09:54:59,DevOps Engineer,Apcell Infotech,https://www.naukri.com/job-listings-devops-engineer-ap-cell-infotech-pvt-ltd-bengaluru-2-to-5-years-230626501496,External company site
2026-09-28 09:55:02,DevOps Engineer,Apcell Infotech,https://www.naukri.com/job-listings-devops-engineer-ap-cell-infotech-pvt-ltd-bengaluru-2-to-5-years-230626501496?src=directSearch&sid=17905892004651638&xp=16&px=1,External company site
2026-09-28 09:55:05,DevOps Engineer,Isarva Infotech,https://www.naukri.com/job-listings-devops-engineer-isarva-infotech-private-limited-bengaluru-2-to-5-years-240426501814,External company site
2026-09-28 09:55:07,DevOps Engineer,Isarva Infotech,https://www.naukri.com/job-listings-devops-engineer-isarva-infotech-private-limited-bengaluru-2-to-5-years-240426501814?src=directSearch&sid=17905892004651638&xp=17&px=1,External company site
2026-09-28 09:55:10,Devops Engineer,Baryons Software Solutions,https://www.naukri.com/job-listings-devops-engineer-baryons-software-solutions-bengaluru-1-to-3-years-101025501334,External company site
2026-09-28 09:55:13,Devops Engineer,Baryons Software Solutions,https://www.naukri.com/job-listings-devops-engineer-baryons-software-solutions-bengaluru-1-to-3-years-101025501334?src=directSearch&sid=17905892004651638&xp=18&px=1,External company site
2026-09-28 09:55:16,DevOps Engineer,Alrium,https://www.naukri.com/job-listings-devops-engineer-alrium-bengaluru-2-to-6-years-140926500976,External company site
2026-09-28 09:55:19,DevOps Engineer,Alrium,https://www.naukri.com/job-listings-devops-engineer-alrium-bengaluru-2-to-6-years-140926500976?src=directSearch&sid=17905892004651638&xp=19&px=1,External company site
2026-09-28 09:55:22,DevOps Engineer,Accenture,https://www.naukri.com/job-listings-devops-engineer-accenture-solutions-pvt-ltd-bengaluru-2-to-5-years-180926929295,External company site
2026-09-28 09:55:25,DevOps Engineer,Accenture,https://www.naukri.com/job-listings-devops-engineer-accenture-solutions-pvt-ltd-bengaluru-2-to-5-years-180926929295?src=directSearch&sid=17905892004651638&xp=20&px=1,External company site
2026-09-28 09:55:32,Devops Engineer,Shopdeck,https://www.naukri.com/job-listings-devops-engineer-shopdeck-previously-nushop-bengaluru-1-to-2-years-170226504679,External company site
2026-09-28 09:55:35,Devops Engineer,Shopdeck,https://www.naukri.com/job-listings-devops-engineer-shopdeck-previously-nushop-bengaluru-1-to-2-years-170226504679?src=directSearch&sid=17905893261053646&xp=1&px=2,External company site
2026-09-28 09:55:38,Devops Engineer,Facctum,https://www.naukri.com/job-listings-devops-engineer-facctum-it-solutions-india-private-limited-bengaluru-1-to-4-years-120826500976,External company site
2026-09-28 09:55:40,Devops Engineer,Facctum,https://www.naukri.com/job-listings-devops-engineer-facctum-it-solutions-india-private-limited-bengaluru-1-to-4-years-120826500976?src=directSearch&sid=17905893261053646&xp=2&px=2,External company site
2026-09-28 09:55:43,DevOps Engineer,Carmatec It Solutions,https://www.naukri.com/job-listings-devops-engineer-carmatec-it-solutions-pvt-ltd-bengaluru-2-to-5-years-200223501375,External company site
2026-09-28 09:55:46,DevOps Engineer,Carmatec It Solutions,https://www.naukri.com/job-listings-devops-engineer-carmatec-it-solutions-pvt-ltd-bengaluru-2-to-5-years-200223501375?src=directSearch&sid=17905893261053646&xp=3&px=2,External company site
2026-09-28 09:55:49,DevOps Engineer,NetWorth Direct,https://www.naukri.com/job-listings-devops-engineer-stockgro-bengaluru-2-to-6-years-180624501039,External company site
2026-09-28 09:55:52,DevOps Engineer,NetWorth Direct,https://www.naukri.com/job-listings-devops-engineer-stockgro-bengaluru-2-to-6-years-180624501039?src=directSearch&sid=17905893261053646&xp=4&px=2,External company site
2026-09-28 09:55:55,Devops Engineer,Reward360,https://www.naukri.com/job-listings-devops-engineer-reward360-global-services-pvt-ltd-bengaluru-2-to-4-years-070926502842,External company site
2026-09-28 09:55:58,Devops Engineer,Reward360,https://www.naukri.com/job-listings-devops-engineer-reward360-global-services-pvt-ltd-bengaluru-2-to-4-years-070926502842?src=directSearch&sid=17905893261053646&xp=5&px=2,External company site
2026-09-28 09:56:01,DevOps Engineer,3five8 Technologies,https://www.naukri.com/job-listings-devops-engineer-apartmentadda-bengaluru-1-to-5-years-271118500362,External company site
2026-09-28 09:56:04,DevOps Engineer,3five8 Technologies,https://www.naukri.com/job-listings-devops-engineer-apartmentadda-bengaluru-1-to-5-years-271118500362?src=directSearch&sid=17905893261053646&xp=6&px=2,External company site
2026-09-28 09:56:07,DevOps Engineer,Gridraster India,https://www.naukri.com/job-listings-devops-engineer-gridraster-india-bengaluru-2-to-7-years-060723501158,External company site
2026-09-28 09:56:10,DevOps Engineer,Gridraster India,https://www.naukri.com/job-listings-devops-engineer-gridraster-india-bengaluru-2-to-7-years-060723501158?src=directSearch&sid=17905893261053646&xp=7&px=2,External company site
2026-09-28 09:56:12,Backend Devops Engineer,Embitel Technologies,https://www.naukri.com/job-listings-backend-devops-engineer-embitel-bengaluru-2-to-7-years-250926501743,External company site
2026-09-28 09:56:15,Backend Devops Engineer,Embitel Technologies,https://www.naukri.com/job-listings-backend-devops-engineer-embitel-bengaluru-2-to-7-years-250926501743?src=directSearch&sid=17905893261053646&xp=8&px=2,External company site
2026-09-28 09:56:18,DevOps Engineer,Koireader Technologies,https://www.naukri.com/job-listings-devops-engineer-koireader-technologies-bengaluru-2-to-6-years-070721500594,External company site
2026-09-28 09:56:21,DevOps Engineer,Koireader Technologies,https://www.naukri.com/job-listings-devops-engineer-koireader-technologies-bengaluru-2-to-6-years-070721500594?src=directSearch&sid=17905893261053646&xp=9&px=2,External company site
2026-09-28 09:56:24,DevOps Engineer,Axicorp,https://www.naukri.com/job-listings-devops-engineer-axicorp-bengaluru-2-to-6-years-200426500462,External company site
2026-09-28 09:56:27,DevOps Engineer,Axicorp,https://www.naukri.com/job-listings-devops-engineer-axicorp-bengaluru-2-to-6-years-200426500462?src=directSearch&sid=17905893261053646&xp=10&px=2,External company site
2026-09-28 09:56:30,Devops Engineer,Huawei Technologies,https://www.naukri.com/job-listings-devops-engineer-huawei-technologies-india-pvt-ltd-bengaluru-2-to-12-years-130126505377,External company site
2026-09-28 09:56:33,Devops Engineer,Huawei Technologies,https://www.naukri.com/job-listings-devops-engineer-huawei-technologies-india-pvt-ltd-bengaluru-2-to-12-years-130126505377?src=directSearch&sid=17905893261053646&xp=11&px=2,External company site
2026-09-28 09:56:36,Devops Engineer,Lyzr Ai,https://www.naukri.com/job-listings-devops-engineer-lyzr-ai-bengaluru-2-to-5-years-120126500313,External company site
2026-09-28 09:56:39,Devops Engineer,Lyzr Ai,https://www.naukri.com/job-listings-devops-engineer-lyzr-ai-bengaluru-2-to-5-years-120126500313?src=directSearch&sid=17905893261053646&xp=12&px=2,External company site
2026-09-28 09:56:42,DevOps Engineer,BNI,https://www.naukri.com/job-listings-devops-engineer-bni-bengaluru-2-to-5-years-010526502095,External company site
2026-09-28 09:56:45,DevOps Engineer,BNI,https://www.naukri.com/job-listings-devops-engineer-bni-bengaluru-2-to-5-years-010526502095?src=directSearch&sid=17905893261053646&xp=13&px=2,External company site
2026-09-28 09:56:48,DevOps / MLOps Engineer,Firstsense Technology,https://www.naukri.com/job-listings-devops-mlops-engineer-first-sense-technology-bengaluru-2-to-5-years-090824500438,External company site
2026-09-28 09:56:51,DevOps / MLOps Engineer,Firstsense Technology,https://www.naukri.com/job-listings-devops-mlops-engineer-first-sense-technology-bengaluru-2-to-5-years-090824500438?src=directSearch&sid=17905893261053646&xp=14&px=2,External company site
2026-09-28 09:56:53,Staff DevOps Engineer/SRE,Flexai,https://www.naukri.com/job-listings-staff-devops-engineer-sre-flexai-bengaluru-2-to-7-years-020326503383,External company site
2026-09-28 09:56:56,Staff DevOps Engineer/SRE,Flexai,https://www.naukri.com/job-listings-staff-devops-engineer-sre-flexai-bengaluru-2-to-7-years-020326503383?src=directSearch&sid=17905893261053646&xp=15&px=2,External company site
2026-09-28 09:56:59,DevOps Engineer,Railsfactory,https://www.naukri.com/job-listings-devops-engineer-railsfactory-kolkata-mumbai-new-delhi-hyderabad-pune-chennai-bengaluru-2-to-6-years-150323500152,External company site
2026-09-28 09:57:02,DevOps Engineer,Railsfactory,https://www.naukri.com/job-listings-devops-engineer-railsfactory-kolkata-mumbai-new-delhi-hyderabad-pune-chennai-bengaluru-2-to-6-years-150323500152?src=directSearch&sid=17905893261053646&xp=16&px=2,External company site
2026-09-28 09:57:05,DevOps Engineer,Simeio Solutions,https://www.naukri.com/job-listings-devops-engineer-simeio-solutions-bengaluru-2-to-4-years-120226501573,External company site
2026-09-28 09:57:08,DevOps Engineer,Simeio Solutions,https://www.naukri.com/job-listings-devops-engineer-simeio-solutions-bengaluru-2-to-4-years-120226501573?src=directSearch&sid=17905893261053646&xp=17&px=2,External company site
2026-09-28 09:57:11,Dev Ops Engineer,Tech Stalwart Solution,https://www.naukri.com/job-listings-dev-ops-engineer-tech-stalwart-solution-private-limited-kolkata-mumbai-new-delhi-hyderabad-pune-chennai-bengaluru-2-to-6-years-050225501433,External company site
2026-09-28 09:57:14,Dev Ops Engineer,Tech Stalwart Solution,https://www.naukri.com/job-listings-dev-ops-engineer-tech-stalwart-solution-private-limited-kolkata-mumbai-new-delhi-hyderabad-pune-chennai-bengaluru-2-to-6-years-050225501433?src=directSearch&sid=17905893261053646&xp=18&px=2,External company site
2026-09-28 09:57:17,IAM DevOps Engineer,Transtrack Aeroservices,https://www.naukri.com/job-listings-iam-devops-engineer-transtrack-aeroservices-private-limited-bengaluru-2-to-6-years-270726500724,External company site
2026-09-28 09:57:20,IAM DevOps Engineer,Transtrack Aeroservices,https://www.naukri.com/job-listings-iam-devops-engineer-transtrack-aeroservices-private-limited-bengaluru-2-to-6-years-270726500724?src=directSearch&sid=17905893261053646&xp=19&px=2,External company site
2026-09-28 09:57:22,DevOps Engineer,Qapitol Qa,https://www.naukri.com/job-listings-devops-engineer-qapitol-qa-services-private-limited-bengaluru-0-to-5-years-070526500685,External company site
2026-09-28 09:57:26,DevOps Engineer,Qapitol Qa,https://www.naukri.com/job-listings-devops-engineer-qapitol-qa-services-private-limited-bengaluru-0-to-5-years-070526500685?src=directSearch&sid=17905893261053646&xp=20&px=2,External company site
2026-09-28 09:57:33,Junior Devops Engineer,Kalpas Innovations,https://www.naukri.com/job-listings-junior-devops-engineer-kalpas-innovations-pvt-ltd-hubli-mangaluru-mysuru-bengaluru-belgaum-1-to-3-years-251125506281,External company site
2026-09-28 09:57:36,Junior Devops Engineer,Kalpas Innovations,https://www.naukri.com/job-listings-junior-devops-engineer-kalpas-innovations-pvt-ltd-hubli-mangaluru-mysuru-bengaluru-belgaum-1-to-3-years-251125506281?src=directSearch&sid=17905894467447077&xp=1&px=3,External company site
2026-09-28 09:57:38,Junior DevOps Engineer,Neorealm Solutions,https://www.naukri.com/job-listings-junior-devops-engineer-neorealm-solutions-bengaluru-2-to-3-years-250425503593,External company site
2026-09-28 09:57:41,Junior DevOps Engineer,Neorealm Solutions,https://www.naukri.com/job-listings-junior-devops-engineer-neorealm-solutions-bengaluru-2-to-3-years-250425503593?src=directSearch&sid=17905894467447077&xp=2&px=3,External company site
2026-09-28 09:57:44,Devops Engineer,Cloudarmee,https://www.naukri.com/job-listings-devops-engineer-cloudarmee-bengaluru-2-to-3-years-041224503260,External company site
2026-09-28 09:57:47,Devops Engineer,Cloudarmee,https://www.naukri.com/job-listings-devops-engineer-cloudarmee-bengaluru-2-to-3-years-041224503260?src=directSearch&sid=17905894467447077&xp=3&px=3,External company site
2026-09-28 09:57:50,DevOps Engineers,Avohi Infotech,https://www.naukri.com/job-listings-devops-engineers-avohi-bengaluru-1-to-4-years-250325505154,External company site
2026-09-28 09:57:53,DevOps Engineers,Avohi Infotech,https://www.naukri.com/job-listings-devops-engineers-avohi-bengaluru-1-to-4-years-250325505154?src=directSearch&sid=17905894467447077&xp=4&px=3,External company site
2026-09-28 09:58:32,Engineer - DevOps,Allegion,https://www.naukri.com/job-listings-engineer-devops-allegion-bengaluru-0-to-5-years-020926502789,External company site
2026-09-28 09:58:35,Engineer - DevOps,Allegion,https://www.naukri.com/job-listings-engineer-devops-allegion-bengaluru-0-to-5-years-020926502789?src=directSearch&sid=17905894467447077&xp=7&px=3,External company site
2026-09-28 09:58:38,DevOps Engineer,Acquis Compliance,https://www.naukri.com/job-listings-devops-engineer-acquis-compliance-bengaluru-2-to-6-years-230326504992,External company site
2026-09-28 09:58:40,DevOps Engineer,Acquis Compliance,https://www.naukri.com/job-listings-devops-engineer-acquis-compliance-bengaluru-2-to-6-years-230326504992?src=directSearch&sid=17905894467447077&xp=8&px=3,External company site
2026-09-28 09:58:44,Azure DevOps Engineer,Redolent,https://www.naukri.com/job-listings-azure-devops-engineer-redolent-inc-bengaluru-2-to-8-years-210726501104,External company site
2026-09-28 09:58:46,Azure DevOps Engineer,Redolent,https://www.naukri.com/job-listings-azure-devops-engineer-redolent-inc-bengaluru-2-to-8-years-210726501104?src=directSearch&sid=17905894467447077&xp=9&px=3,External company site
2026-09-28 09:58:49,DevOps Engineer,Ucube Ai,https://www.naukri.com/job-listings-devops-engineer-ucube-ai-bengaluru-2-to-6-years-180326500522,External company site
2026-09-28 09:58:52,DevOps Engineer,Ucube Ai,https://www.naukri.com/job-listings-devops-engineer-ucube-ai-bengaluru-2-to-6-years-180326500522?src=directSearch&sid=17905894467447077&xp=10&px=3,External company site
2026-09-28 09:58:55,Use Case Engineer - DevOps,United Layer,https://www.naukri.com/job-listings-use-case-engineer-devops-unitedlayer-bengaluru-0-to-4-years-110826509103,External company site
2026-09-28 09:58:58,Use Case Engineer - DevOps,United Layer,https://www.naukri.com/job-listings-use-case-engineer-devops-unitedlayer-bengaluru-0-to-4-years-110826509103?src=directSearch&sid=17905894467447077&xp=11&px=3,External company site
2026-09-28 09:59:20,Ansible Devops Engineer,Redolent,https://www.naukri.com/job-listings-ansible-devops-engineer-redolent-inc-bengaluru-2-to-7-years-210726501810,External company site
2026-09-28 09:59:23,Ansible Devops Engineer,Redolent,https://www.naukri.com/job-listings-ansible-devops-engineer-redolent-inc-bengaluru-2-to-7-years-210726501810?src=directSearch&sid=17905894467447077&xp=13&px=3,External company site
2026-09-28 09:59:26,DevOps Engineer,Nouveau Technologies,https://www.naukri.com/job-listings-devops-engineer-nouveau-labs-bengaluru-2-to-7-years-240925503425,External company site
2026-09-28 09:59:29,DevOps Engineer,Nouveau Technologies,https://www.naukri.com/job-listings-devops-engineer-nouveau-labs-bengaluru-2-to-7-years-240925503425?src=directSearch&sid=17905894467447077&xp=14&px=3,External company site
2026-09-28 09:59:49,Devops Engineer,Ripplehire,https://www.naukri.com/job-listings-devops-engineer-trampoline-tech-pvt-ltd-bengaluru-2-to-6-years-301024512068,External company site
2026-09-28 09:59:52,Devops Engineer,Ripplehire,https://www.naukri.com/job-listings-devops-engineer-trampoline-tech-pvt-ltd-bengaluru-2-to-6-years-301024512068?src=directSearch&sid=17905894467447077&xp=16&px=3,External company site
2026-09-28 10:00:13,Research Engineer/Lead DevOps Engineer,Bert Labs,https://www.naukri.com/job-listings-research-engineer-lead-devops-engineer-bert-labs-bengaluru-2-to-7-years-110626504706,External company site
2026-09-28 10:00:16,Research Engineer/Lead DevOps Engineer,Bert Labs,https://www.naukri.com/job-listings-research-engineer-lead-devops-engineer-bert-labs-bengaluru-2-to-7-years-110626504706?src=directSearch&sid=17905894467447077&xp=18&px=3,External company site
2026-09-28 10:00:19,Datman - DevOps Engineers,Futureacad,https://www.naukri.com/job-listings-datman-devops-engineers-futureacad-bengaluru-2-to-6-years-210226500289,External company site
2026-09-28 10:00:22,Datman - DevOps Engineers,Futureacad,https://www.naukri.com/job-listings-datman-devops-engineers-futureacad-bengaluru-2-to-6-years-210226500289?src=directSearch&sid=17905894467447077&xp=19&px=3,External company site
2026-09-28 10:00:25,SecOps Engineer,Onder Shipthis Technologies,https://www.naukri.com/job-listings-secops-engineer-shipthis-bengaluru-1-to-2-years-240926502858,External company site
2026-09-28 10:00:28,SecOps Engineer,Onder Shipthis Technologies,https://www.naukri.com/job-listings-secops-engineer-shipthis-bengaluru-1-to-2-years-240926502858?src=directSearch&sid=17905894467447077&xp=20&px=3,External company site
2026-09-28 10:00:53,AWS Platform Engineer,Torry Harris Business Solutions,https://www.naukri.com/job-listings-aws-platform-engineer-torry-harris-business-solutions-bengaluru-1-to-3-years-210926012471,External company site
2026-09-28 10:00:56,AWS Platform Engineer,Torry Harris Business Solutions,https://www.naukri.com/job-listings-aws-platform-engineer-torry-harris-business-solutions-bengaluru-1-to-3-years-210926012471?src=directSearch&sid=17905896307679763&xp=2&px=4,External company site
2026-09-28 10:02:17,Software Engineer,Raad Systems,https://www.naukri.com/job-listings-software-engineer-raad-systems-private-limited-bengaluru-2-to-5-years-080926502036,External company site
2026-09-28 10:02:19,Software Engineer,Raad Systems,https://www.naukri.com/job-listings-software-engineer-raad-systems-private-limited-bengaluru-2-to-5-years-080926502036?src=directSearch&sid=17905897122098552&xp=3&px=1,External company site
2026-09-28 10:02:23,Software Engineer,Cisco,https://www.naukri.com/job-listings-software-engineer-cisco-bengaluru-2-to-4-years-180826504179,External company site
2026-09-28 10:02:25,Software Engineer,Cisco,https://www.naukri.com/job-listings-software-engineer-cisco-bengaluru-2-to-4-years-180826504179?src=directSearch&sid=17905897122098552&xp=4&px=1,External company site
2026-09-28 10:02:28,Custom Software Engineer,Accenture,https://www.naukri.com/job-listings-custom-software-engineer-accenture-solutions-pvt-ltd-bengaluru-2-to-5-years-140926916639,External company site
2026-09-28 10:02:31,Custom Software Engineer,Accenture,https://www.naukri.com/job-listings-custom-software-engineer-accenture-solutions-pvt-ltd-bengaluru-2-to-5-years-140926916639?src=directSearch&sid=17905897122098552&xp=5&px=1,External company site
2026-09-28 10:03:37,Software Engineer,Sparix Global,https://www.naukri.com/job-listings-software-engineer-sparix-global-private-limited-remote-1-to-4-years-240426500817,External company site
2026-09-28 10:03:40,Software Engineer,Sparix Global,https://www.naukri.com/job-listings-software-engineer-sparix-global-private-limited-remote-1-to-4-years-240426500817?src=directSearch&sid=17905898114762916&xp=1&px=1,External company site
2026-09-28 10:04:06,MLOps Engineer,E4 Software Services,https://www.naukri.com/job-listings-mlops-engineer-e4-softwares-bengaluru-0-to-2-years-070826503820,External company site
2026-09-28 10:04:09,MLOps Engineer,E4 Software Services,https://www.naukri.com/job-listings-mlops-engineer-e4-softwares-bengaluru-0-to-2-years-070826503820?src=directSearch&sid=17905898403057746&xp=1&px=1,External company site
2026-09-28 10:04:12,MLOps Engineer,Micro1,https://www.naukri.com/job-listings-mlops-engineer-micro1-bengaluru-1-to-4-years-280825502676,External company site
2026-09-28 10:04:15,MLOps Engineer,Micro1,https://www.naukri.com/job-listings-mlops-engineer-micro1-bengaluru-1-to-4-years-280825502676?src=directSearch&sid=17905898403057746&xp=3&px=1,External company site
2026-09-28 10:04:19,MLOps Engineer,Micro1,https://www.naukri.com/job-listings-mlops-engineer-micro1-bengaluru-1-to-4-years-280825502435,External company site
2026-09-28 10:04:22,MLOps Engineer,Micro1,https://www.naukri.com/job-listings-mlops-engineer-micro1-bengaluru-1-to-4-years-280825502435?src=directSearch&sid=17905898403057746&xp=4&px=1,External company site
2026-09-28 10:04:25,MLOps Engineer,Micro1,https://www.naukri.com/job-listings-mlops-engineer-micro1-bengaluru-1-to-4-years-290825502154,External company site
2026-09-28 10:04:27,MLOps Engineer,Micro1,https://www.naukri.com/job-listings-mlops-engineer-micro1-bengaluru-1-to-4-years-290825502154?src=directSearch&sid=17905898403057746&xp=5&px=1,External company site
2026-09-28 10:04:40,AI/ML Engineer - OpenShift AI & MLOps,QCS Dc Labs,https://www.naukri.com/job-listings-ai-ml-engineer-openshift-ai-mlops-qcs-dc-labs-bengaluru-2-to-5-years-280926914157?src=directSearch&sid=17905898403057746&xp=6&px=1,No Apply button
2026-09-28 10:04:46,GenAI Engineer,PwC India,https://www.naukri.com/job-listings-genai-engineer-pwc-india-gurugram-bengaluru-2-to-7-years-180826012550,No Apply button
2026-09-28 10:04:51,GenAI Engineer,PwC India,https://www.naukri.com/job-listings-genai-engineer-pwc-india-gurugram-bengaluru-2-to-7-years-180826012550?src=directSearch&sid=17905898403057746&xp=7&px=1,No Apply button
2026-09-28 10:05:41,MLOps Engineer,Jalopeura Technology,https://www.naukri.com/job-listings-mlops-engineer-jalopeura-technology-remote-0-to-2-years-180526507201,External company site
2026-09-28 10:05:44,MLOps Engineer,Jalopeura Technology,https://www.naukri.com/job-listings-mlops-engineer-jalopeura-technology-remote-0-to-2-years-180526507201?src=directSearch&sid=17905899348729831&xp=1&px=1,External company site
2026-09-28 10:05:47,MLOps Engineer,Sparix Global,https://www.naukri.com/job-listings-mlops-engineer-sparix-global-private-limited-remote-1-to-4-years-280426500647,External company site
2026-09-28 10:05:49,MLOps Engineer,Sparix Global,https://www.naukri.com/job-listings-mlops-engineer-sparix-global-private-limited-remote-1-to-4-years-280426500647?src=directSearch&sid=17905899348729831&xp=2&px=1,External company site
2026-09-28 10:05:52,MLOps Engineer,Fusemachines,https://www.naukri.com/job-listings-mlops-engineer-fusemachines-remote-1-to-3-years-170926500031,External company site
2026-09-28 10:05:55,MLOps Engineer,Fusemachines,https://www.naukri.com/job-listings-mlops-engineer-fusemachines-remote-1-to-3-years-170926500031?src=directSearch&sid=17905899348729831&xp=3&px=1,External company site
2026-09-28 10:06:16,AI Engineer,Navgurukul Foundation For Social Welfare,https://www.naukri.com/job-listings-ai-engineer-navgurukul-remote-2-to-7-years-301025501100,External company site
2026-09-28 10:06:18,AI Engineer,Navgurukul Foundation For Social Welfare,https://www.naukri.com/job-listings-ai-engineer-navgurukul-remote-2-to-7-years-301025501100?src=directSearch&sid=17905899705447090&xp=4&px=1,External company site
2026-09-28 10:06:21,AI and Data Engineer,Abcloudz,https://www.naukri.com/job-listings-ai-and-data-engineer-abcloudz-remote-2-to-5-years-270826504423,External company site
2026-09-28 10:06:24,AI and Data Engineer,Abcloudz,https://www.naukri.com/job-listings-ai-and-data-engineer-abcloudz-remote-2-to-5-years-270826504423?src=directSearch&sid=17905899705447090&xp=5&px=1,External company site
2026-09-28 10:06:27,AI Engineer,Flexday Solutions,https://www.naukri.com/job-listings-ai-engineer-flexday-solutions-llc-remote-2-to-5-years-270826502441,External company site
2026-09-28 10:06:30,AI Engineer,Flexday Solutions,https://www.naukri.com/job-listings-ai-engineer-flexday-solutions-llc-remote-2-to-5-years-270826502441?src=directSearch&sid=17905899705447090&xp=6&px=1,External company site
2026-09-28 10:06:33,Forward Deployed AI Engineer,Cloudera,https://www.naukri.com/job-listings-forward-deployed-ai-engineer-cloudera-inc-remote-2-to-4-years-260826502549,External company site
2026-09-28 10:06:36,Forward Deployed AI Engineer,Cloudera,https://www.naukri.com/job-listings-forward-deployed-ai-engineer-cloudera-inc-remote-2-to-4-years-260826502549?src=directSearch&sid=17905899705447090&xp=7&px=1,External company site
2026-09-28 10:06:39,ML Engineer Gen AI & LLM,Databricks,https://www.naukri.com/job-listings-ml-engineer-gen-ai-llm-databricks-remote-2-to-6-years-260425503813,External company site
2026-09-28 10:06:42,ML Engineer Gen AI & LLM,Databricks,https://www.naukri.com/job-listings-ml-engineer-gen-ai-llm-databricks-remote-2-to-6-years-260425503813?src=directSearch&sid=17905899705447090&xp=8&px=1,External company site
2026-09-28 10:06:45,AI Engineer REG,Sparix Global,https://www.naukri.com/job-listings-ai-engineer-reg-sparix-global-private-limited-remote-1-to-3-years-240426500892,External company site
2026-09-28 10:06:47,AI Engineer REG,Sparix Global,https://www.naukri.com/job-listings-ai-engineer-reg-sparix-global-private-limited-remote-1-to-3-years-240426500892?src=directSearch&sid=17905899705447090&xp=9&px=1,External company site
2026-09-28 10:06:50,Machine Learning Engineer - AI,Egnyte,https://www.naukri.com/job-listings-machine-learning-engineer-ai-egnyte-remote-2-to-5-years-190826500318,External company site
2026-09-28 10:06:53,Machine Learning Engineer - AI,Egnyte,https://www.naukri.com/job-listings-machine-learning-engineer-ai-egnyte-remote-2-to-5-years-190826500318?src=directSearch&sid=17905899705447090&xp=10&px=1,External company site
2026-09-28 10:06:56,Machine Learning Engineer,Jalopeura Technology,https://www.naukri.com/job-listings-machine-learning-engineer-jalopeura-technology-remote-1-to-3-years-180526507200,External company site
2026-09-28 10:06:59,Machine Learning Engineer,Jalopeura Technology,https://www.naukri.com/job-listings-machine-learning-engineer-jalopeura-technology-remote-1-to-3-years-180526507200?src=directSearch&sid=17905899705447090&xp=11&px=1,External company site
2026-09-28 10:07:02,"AI/ML & Prompt Engineer LLM, RAG & Voice Agent",Quantumloop Ai,https://www.naukri.com/job-listings-ai-ml-prompt-engineer-llm-rag-voice-agent-quantum-loop-ai-remote-1-to-5-years-110526500522,External company site
2026-09-28 10:07:05,"AI/ML & Prompt Engineer LLM, RAG & Voice Agent",Quantumloop Ai,https://www.naukri.com/job-listings-ai-ml-prompt-engineer-llm-rag-voice-agent-quantum-loop-ai-remote-1-to-5-years-110526500522?src=directSearch&sid=17905899705447090&xp=12&px=1,External company site
2026-09-28 10:07:08,AI Engineer,No Limit Technology,https://www.naukri.com/job-listings-ai-engineer-no-limit-technology-remote-1-to-3-years-080825503562,External company site
2026-09-28 10:07:10,AI Engineer,No Limit Technology,https://www.naukri.com/job-listings-ai-engineer-no-limit-technology-remote-1-to-3-years-080825503562?src=directSearch&sid=17905899705447090&xp=13&px=1,External company site
2026-09-28 10:07:13,AI / ML Engineer,Workforce Next,https://www.naukri.com/job-listings-ai-ml-engineer-workforce-next-remote-2-to-6-years-030926504829,External company site
2026-09-28 10:07:16,AI / ML Engineer,Workforce Next,https://www.naukri.com/job-listings-ai-ml-engineer-workforce-next-remote-2-to-6-years-030926504829?src=directSearch&sid=17905899705447090&xp=14&px=1,External company site
2026-09-28 10:07:19,AI Developer / AI Engineer,Katbotz India,https://www.naukri.com/job-listings-ai-developer-ai-engineer-katbotz-llc-remote-2-to-7-years-030626505294,External company site
2026-09-28 10:07:22,AI Developer / AI Engineer,Katbotz India,https://www.naukri.com/job-listings-ai-developer-ai-engineer-katbotz-llc-remote-2-to-7-years-030626505294?src=directSearch&sid=17905899705447090&xp=15&px=1,External company site
2026-09-28 10:07:25,AI Engineer / Machine Learning Engineer,Katbotz India,https://www.naukri.com/job-listings-ai-engineer-machine-learning-engineer-katbotz-llc-remote-2-to-7-years-030626505293,External company site
2026-09-28 10:07:28,AI Engineer / Machine Learning Engineer,Katbotz India,https://www.naukri.com/job-listings-ai-engineer-machine-learning-engineer-katbotz-llc-remote-2-to-7-years-030626505293?src=directSearch&sid=17905899705447090&xp=16&px=1,External company site
2026-09-28 10:07:31,AI Platform Engineer,Pairsoft Technologies,https://www.naukri.com/job-listings-ai-platform-engineer-pairsoft-remote-2-to-5-years-020926504503,External company site
2026-09-28 10:07:33,AI Platform Engineer,Pairsoft Technologies,https://www.naukri.com/job-listings-ai-platform-engineer-pairsoft-remote-2-to-5-years-020926504503?src=directSearch&sid=17905899705447090&xp=17&px=1,External company site
2026-09-28 10:07:36,Software Engineering Intern,Toolsbots,https://www.naukri.com/job-listings-software-engineering-intern-toolsbots-remote-0-to-3-years-150926503071,External company site
2026-09-28 10:07:39,Software Engineering Intern,Toolsbots,https://www.naukri.com/job-listings-software-engineering-intern-toolsbots-remote-0-to-3-years-150926503071?src=directSearch&sid=17905899705447090&xp=18&px=1,External company site
2026-09-28 10:07:42,Technical Customer Engineer II,Nordson,https://www.naukri.com/job-listings-technical-customer-engineer-ii-nordson-corporation-remote-2-to-5-years-310826500116,External company site
2026-09-28 10:07:45,Technical Customer Engineer II,Nordson,https://www.naukri.com/job-listings-technical-customer-engineer-ii-nordson-corporation-remote-2-to-5-years-310826500116?src=directSearch&sid=17905899705447090&xp=19&px=1,External company site
2026-09-28 10:07:48,Site Reliability Engineer,Workiy Technologies,https://www.naukri.com/job-listings-site-reliability-engineer-workiy-inc-remote-1-to-4-years-310826500108,External company site
2026-09-28 10:07:51,Site Reliability Engineer,Workiy Technologies,https://www.naukri.com/job-listings-site-reliability-engineer-workiy-inc-remote-1-to-4-years-310826500108?src=directSearch&sid=17905899705447090&xp=20&px=1,External company site
2026-09-28 10:07:58,Backend Developer,Firstsense Technology,https://www.naukri.com/job-listings-backend-developer-first-sense-technology-bengaluru-1-to-3-years-080824500188,External company site
2026-09-28 10:08:01,Backend Developer,Firstsense Technology,https://www.naukri.com/job-listings-backend-developer-first-sense-technology-bengaluru-1-to-3-years-080824500188?src=directSearch&sid=17905900724045574&xp=1&px=1,External company site
2026-09-28 10:08:04,Backend Developer,Mitigata Insurance,https://www.naukri.com/job-listings-backend-developer-mitigata-bengaluru-1-to-2-years-230726500412,External company site
2026-09-28 10:08:07,Backend Developer,Mitigata Insurance,https://www.naukri.com/job-listings-backend-developer-mitigata-bengaluru-1-to-2-years-230726500412?src=directSearch&sid=17905900724045574&xp=2&px=1,External company site
2026-09-28 10:08:10,Backend Developer,Navatech Group,https://www.naukri.com/job-listings-backend-developer-navatech-group-bengaluru-2-to-3-years-140926503674,External company site
2026-09-28 10:08:13,Backend Developer,Navatech Group,https://www.naukri.com/job-listings-backend-developer-navatech-group-bengaluru-2-to-3-years-140926503674?src=directSearch&sid=17905900724045574&xp=3&px=1,External company site
2026-09-28 10:08:16,Backend Developer,Navatech Group,https://www.naukri.com/job-listings-backend-developer-navatech-group-bengaluru-2-to-3-years-150926505774,External company site
2026-09-28 10:08:18,Backend Developer,Navatech Group,https://www.naukri.com/job-listings-backend-developer-navatech-group-bengaluru-2-to-3-years-150926505774?src=directSearch&sid=17905900724045574&xp=4&px=1,External company site
2026-09-28 10:08:22,BACKEND DEVELOPER,Certum Ventures,https://www.naukri.com/job-listings-backend-developer-certum-ventures-pvt-ltd-bengaluru-1-to-3-years-121124502930,External company site
2026-09-28 10:08:24,BACKEND DEVELOPER,Certum Ventures,https://www.naukri.com/job-listings-backend-developer-certum-ventures-pvt-ltd-bengaluru-1-to-3-years-121124502930?src=directSearch&sid=17905900724045574&xp=5&px=1,External company site
2026-09-28 10:08:27,Backend Developer,Prodat It Solutions,https://www.naukri.com/job-listings-backend-developer-prodat-bengaluru-1-to-2-years-131125503842,External company site
2026-09-28 10:08:30,Backend Developer,Prodat It Solutions,https://www.naukri.com/job-listings-backend-developer-prodat-bengaluru-1-to-2-years-131125503842?src=directSearch&sid=17905900724045574&xp=6&px=1,External company site
2026-09-28 10:08:33,Backend Developer,Opseazy,https://www.naukri.com/job-listings-backend-developer-opseazy-bengaluru-1-to-2-years-220926500453,External company site
2026-09-28 10:08:36,Backend Developer,Opseazy,https://www.naukri.com/job-listings-backend-developer-opseazy-bengaluru-1-to-2-years-220926500453?src=directSearch&sid=17905900724045574&xp=7&px=1,External company site
2026-09-28 10:08:39,Backend Developer,Talent Anywhere,https://www.naukri.com/job-listings-backend-developer-talent-anywhere-bengaluru-1-to-4-years-181121500855,External company site
2026-09-28 10:08:42,Backend Developer,Talent Anywhere,https://www.naukri.com/job-listings-backend-developer-talent-anywhere-bengaluru-1-to-4-years-181121500855?src=directSearch&sid=17905900724045574&xp=8&px=1,External company site
2026-09-28 10:08:45,Backend Developer,Spring Edge,https://www.naukri.com/job-listings-backend-developer-spring-edge-bengaluru-1-to-3-years-030426505678,External company site
2026-09-28 10:08:48,Backend Developer,Spring Edge,https://www.naukri.com/job-listings-backend-developer-spring-edge-bengaluru-1-to-3-years-030426505678?src=directSearch&sid=17905900724045574&xp=9&px=1,External company site
2026-09-28 10:08:51,BACKEND DEVELOPER,Gforce Consulting Solutions,https://www.naukri.com/job-listings-backend-developer-gforce-consulting-solutions-bengaluru-1-to-4-years-080623501999,External company site
2026-09-28 10:08:54,BACKEND DEVELOPER,Gforce Consulting Solutions,https://www.naukri.com/job-listings-backend-developer-gforce-consulting-solutions-bengaluru-1-to-4-years-080623501999?src=directSearch&sid=17905900724045574&xp=10&px=1,External company site
2026-09-28 10:08:57,Backend Developer,Opey Assuredefence,https://www.naukri.com/job-listings-backend-developer-opey-assuredefence-bengaluru-2-to-5-years-270826010426,No Apply button
2026-09-28 10:09:02,Backend Developer,Opey Assuredefence,https://www.naukri.com/job-listings-backend-developer-opey-assuredefence-bengaluru-2-to-5-years-270826010426?src=directSearch&sid=17905900724045574&xp=11&px=1,No Apply button
2026-09-28 10:09:08,Backend Developer,Yugasys Software,https://www.naukri.com/job-listings-backend-developer-yugasys-software-bengaluru-1-to-4-years-161025501357,External company site
2026-09-28 10:09:11,Backend Developer,Yugasys Software,https://www.naukri.com/job-listings-backend-developer-yugasys-software-bengaluru-1-to-4-years-161025501357?src=directSearch&sid=17905900724045574&xp=12&px=1,External company site
2026-09-28 10:09:14,Developer Backend,Fanplay Iot,https://www.naukri.com/job-listings-developer-backend-fanplay-iot-bengaluru-2-to-4-years-161225500560,External company site
2026-09-28 10:09:17,Developer Backend,Fanplay Iot,https://www.naukri.com/job-listings-developer-backend-fanplay-iot-bengaluru-2-to-4-years-161225500560?src=directSearch&sid=17905900724045574&xp=13&px=1,External company site
2026-09-28 10:09:20,Backend Developer AI,eka.care,https://www.naukri.com/job-listings-backend-developer-ai-eka-care-bengaluru-2-to-4-years-280426501498,External company site
2026-09-28 10:09:22,Backend Developer AI,eka.care,https://www.naukri.com/job-listings-backend-developer-ai-eka-care-bengaluru-2-to-4-years-280426501498?src=directSearch&sid=17905900724045574&xp=14&px=1,External company site
2026-09-28 10:09:25,Backend Developer,Gnani Innovations,https://www.naukri.com/job-listings-backend-developer-gnani-innovations-bengaluru-2-to-7-years-310826503240,External company site
2026-09-28 10:09:28,Backend Developer,Gnani Innovations,https://www.naukri.com/job-listings-backend-developer-gnani-innovations-bengaluru-2-to-7-years-310826503240?src=directSearch&sid=17905900724045574&xp=15&px=1,External company site
2026-09-28 10:09:31,Backend Developer,Nysha Technologies,https://www.naukri.com/job-listings-backend-developer-nysha-technologies-bengaluru-2-to-7-years-211124507588,External company site
2026-09-28 10:09:34,Backend Developer,Nysha Technologies,https://www.naukri.com/job-listings-backend-developer-nysha-technologies-bengaluru-2-to-7-years-211124507588?src=directSearch&sid=17905900724045574&xp=16&px=1,External company site
2026-09-28 10:09:37,Backend Developers,Acme Services,https://www.naukri.com/job-listings-backend-developers-acme-services-bengaluru-1-to-5-years-210223503111,External company site
2026-09-28 10:09:40,Backend Developers,Acme Services,https://www.naukri.com/job-listings-backend-developers-acme-services-bengaluru-1-to-5-years-210223503111?src=directSearch&sid=17905900724045574&xp=17&px=1,External company site
2026-09-28 10:09:43,Backend Developer,Transverser Labs,https://www.naukri.com/job-listings-backend-developer-anglerfox-pvt-ltd-bengaluru-2-to-6-years-100826501179,External company site
2026-09-28 10:09:46,Backend Developer,Transverser Labs,https://www.naukri.com/job-listings-backend-developer-anglerfox-pvt-ltd-bengaluru-2-to-6-years-100826501179?src=directSearch&sid=17905900724045574&xp=18&px=1,External company site
2026-09-28 10:09:49,Offshore Backend Developer,Redolent,https://www.naukri.com/job-listings-offshore-backend-developer-redolent-inc-bengaluru-2-to-6-years-220726501199,External company site
2026-09-28 10:09:52,Offshore Backend Developer,Redolent,https://www.naukri.com/job-listings-offshore-backend-developer-redolent-inc-bengaluru-2-to-6-years-220726501199?src=directSearch&sid=17905900724045574&xp=19&px=1,External company site
2026-09-28 10:09:55,Tracxn - Backend Developer,Tracxn,https://www.naukri.com/job-listings-tracxn-backend-developer-tracxn-bengaluru-2-to-4-years-260826020207,No Apply button
2026-09-28 10:10:00,Tracxn - Backend Developer,Tracxn,https://www.naukri.com/job-listings-tracxn-backend-developer-tracxn-bengaluru-2-to-4-years-260826020207?src=directSearch&sid=17905900724045574&xp=20&px=1,No Apply button
2026-09-28 10:10:11,Backend Developer (Django & MongoDB),Hubbler,https://www.naukri.com/job-listings-backend-developer-django-mongodb-hubbler-bengaluru-1-to-3-years-010525503458,External company site
2026-09-28 10:10:14,Backend Developer (Django & MongoDB),Hubbler,https://www.naukri.com/job-listings-backend-developer-django-mongodb-hubbler-bengaluru-1-to-3-years-010525503458?src=directSearch&sid=17905902049598990&xp=1&px=2,External company site
2026-09-28 10:10:17,Python Backend Developer,Wissen Infotech,https://www.naukri.com/job-listings-python-backend-developer-wissen-infotech-pvt-ltd-bengaluru-1-to-5-years-240926501649,External company site
2026-09-28 10:10:20,Python Backend Developer,Wissen Infotech,https://www.naukri.com/job-listings-python-backend-developer-wissen-infotech-pvt-ltd-bengaluru-1-to-5-years-240926501649?src=directSearch&sid=17905902049598990&xp=2&px=2,External company site
2026-09-28 10:10:23,Backend Developer,The Energy Company,https://www.naukri.com/job-listings-backend-developer-the-energy-company-bengaluru-2-to-7-years-300725502916,External company site
2026-09-28 10:10:25,Backend Developer,The Energy Company,https://www.naukri.com/job-listings-backend-developer-the-energy-company-bengaluru-2-to-7-years-300725502916?src=directSearch&sid=17905902049598990&xp=3&px=2,External company site
2026-09-28 10:10:29,Jr. Backend Developer,Aritha Consulting Services,https://www.naukri.com/job-listings-jr-backend-developer-aritha-consulting-services-pvt-ltd-bengaluru-1-to-3-years-290724502103,External company site
2026-09-28 10:10:31,Jr. Backend Developer,Aritha Consulting Services,https://www.naukri.com/job-listings-jr-backend-developer-aritha-consulting-services-pvt-ltd-bengaluru-1-to-3-years-290724502103?src=directSearch&sid=17905902049598990&xp=4&px=2,External company site
2026-09-28 10:10:34,Backend Developer,Idea Elan,https://www.naukri.com/job-listings-backend-developer-idea-elan-kolkata-mumbai-new-delhi-hyderabad-pune-chennai-bengaluru-2-to-4-years-040725501046,External company site
2026-09-28 10:10:37,Backend Developer,Idea Elan,https://www.naukri.com/job-listings-backend-developer-idea-elan-kolkata-mumbai-new-delhi-hyderabad-pune-chennai-bengaluru-2-to-4-years-040725501046?src=directSearch&sid=17905902049598990&xp=5&px=2,External company site
2026-09-28 10:10:40,Backend Developer,Kuku Fm,https://www.naukri.com/job-listings-backend-developer-kuku-fm-bengaluru-1-to-2-years-210826502092,External company site
2026-09-28 10:10:43,Backend Developer,Kuku Fm,https://www.naukri.com/job-listings-backend-developer-kuku-fm-bengaluru-1-to-2-years-210826502092?src=directSearch&sid=17905902049598990&xp=6&px=2,External company site
2026-09-28 10:10:46,Backend Developer,JB Arrowstar Solutions,https://www.naukri.com/job-listings-backend-developer-jb-arrowstar-solutions-private-limited-bengaluru-1-to-3-years-170826501409,External company site
2026-09-28 10:10:49,Backend Developer,JB Arrowstar Solutions,https://www.naukri.com/job-listings-backend-developer-jb-arrowstar-solutions-private-limited-bengaluru-1-to-3-years-170826501409?src=directSearch&sid=17905902049598990&xp=7&px=2,External company site
2026-09-28 10:10:51,"Backend Developer (PHP Laravel, Node.js)",Platon Services,https://www.naukri.com/job-listings-backend-developer-php-laravel-node-js-platon-services-pvt-ltd-bengaluru-2-to-4-years-150725500422,External company site
2026-09-28 10:10:54,"Backend Developer (PHP Laravel, Node.js)",Platon Services,https://www.naukri.com/job-listings-backend-developer-php-laravel-node-js-platon-services-pvt-ltd-bengaluru-2-to-4-years-150725500422?src=directSearch&sid=17905902049598990&xp=8&px=2,External company site
2026-09-28 10:10:57,Python Django Backend Developer,Gavista Tech,https://www.naukri.com/job-listings-python-django-backend-developer-gavista-tech-bengaluru-2-to-7-years-150720500022,External company site
2026-09-28 10:11:00,Python Django Backend Developer,Gavista Tech,https://www.naukri.com/job-listings-python-django-backend-developer-gavista-tech-bengaluru-2-to-7-years-150720500022?src=directSearch&sid=17905902049598990&xp=9&px=2,External company site
2026-09-28 10:11:03,Backend Developer,Wolftain Agency,https://www.naukri.com/job-listings-backend-developer-wolftain-agency-bengaluru-2-to-3-years-250121501224,External company site
2026-09-28 10:11:06,Backend Developer,Wolftain Agency,https://www.naukri.com/job-listings-backend-developer-wolftain-agency-bengaluru-2-to-3-years-250121501224?src=directSearch&sid=17905902049598990&xp=10&px=2,External company site
2026-09-28 10:11:09,Backend Developer,Buyhatke,https://www.naukri.com/job-listings-backend-developer-buyhatke-bengaluru-1-to-5-years-110918500789,External company site
2026-09-28 10:11:12,Backend Developer,Buyhatke,https://www.naukri.com/job-listings-backend-developer-buyhatke-bengaluru-1-to-5-years-110918500789?src=directSearch&sid=17905902049598990&xp=11&px=2,External company site
2026-09-28 10:11:12,Java Backend Developer,Aiknow,https://www.naukri.com/job-listings-java-backend-developer-ai-know-labs-private-limited-bengaluru-2-to-3-years-180523500389,Excluded tech stack: Java
2026-09-28 10:11:15,Backend Developer (Node.js) - GGS - BLR,Getinz Techno Services,https://www.naukri.com/job-listings-backend-developer-node-js-ggs-blr-getinz-techno-services-bengaluru-2-to-5-years-200325505052,External company site
2026-09-28 10:11:18,Backend Developer (Node.js) - GGS - BLR,Getinz Techno Services,https://www.naukri.com/job-listings-backend-developer-node-js-ggs-blr-getinz-techno-services-bengaluru-2-to-5-years-200325505052?src=directSearch&sid=17905902049598990&xp=13&px=2,External company site
2026-09-28 10:11:21,Node JS-Backend Developers,IDESLABS,https://www.naukri.com/job-listings-node-js-backend-developers-ideslabs-private-limited-bengaluru-2-to-4-years-260224500117,External company site
2026-09-28 10:11:24,Node JS-Backend Developers,IDESLABS,https://www.naukri.com/job-listings-node-js-backend-developers-ideslabs-private-limited-bengaluru-2-to-4-years-260224500117?src=directSearch&sid=17905902049598990&xp=14&px=2,External company site
2026-09-28 10:11:27,BACKEND DEVELOPER,Audify Tech,https://www.naukri.com/job-listings-backend-developer-audify-bengaluru-2-to-4-years-200223500210,External company site
2026-09-28 10:11:30,BACKEND DEVELOPER,Audify Tech,https://www.naukri.com/job-listings-backend-developer-audify-bengaluru-2-to-4-years-200223500210?src=directSearch&sid=17905902049598990&xp=15&px=2,External company site
2026-09-28 10:11:32,Backend Developer - DLCM-1,Embitel Technologies,https://www.naukri.com/job-listings-backend-developer-dlcm-1-embitel-bengaluru-2-to-4-years-130726500560,External company site
2026-09-28 10:11:35,Backend Developer - DLCM-1,Embitel Technologies,https://www.naukri.com/job-listings-backend-developer-dlcm-1-embitel-bengaluru-2-to-4-years-130726500560?src=directSearch&sid=17905902049598990&xp=16&px=2,External company site
2026-09-28 10:11:35,Senior Java Backend Developer,Hangar Worldwide,https://www.naukri.com/job-listings-senior-java-backend-developer-hangar-worldwide-bengaluru-2-to-6-years-300522502692,Excluded tech stack: Java
2026-09-28 10:11:35,Java Backend Developer | Spring Boot | Microservices,Infosys,https://www.naukri.com/job-listings-java-backend-developer-spring-boot-microservices-infosys-pune-chennai-bengaluru-2-to-5-years-190826038395,"Excluded tech stack: Java, Spring"
2026-09-28 10:11:35,Java Backend Developer-S,Infosys,https://www.naukri.com/job-listings-java-backend-developer-s-infosys-hyderabad-pune-bengaluru-2-to-7-years-240826031640,Excluded tech stack: Java
2026-09-28 10:11:36,Java Backend Developer | Spring Boot | Microservices,Infosys,https://www.naukri.com/job-listings-java-backend-developer-spring-boot-microservices-infosys-hyderabad-pune-bengaluru-2-to-7-years-290826005826,"Excluded tech stack: Java, Spring"
2026-09-28 10:11:40,Java Backend Developer with basic AWS knowledge,Xylem Water Solutions,https://www.naukri.com/job-listings-java-backend-developer-with-basic-aws-knowledge-xylem-water-solutions-india-private-limited-bengaluru-1-to-4-years-020725502783,Excluded tech stack: Java
2026-09-28 10:11:52,Backend Engineer,Mclaren Strategic Ventures India,https://www.naukri.com/job-listings-backend-engineer-mclaren-strategic-ventures-india-bengaluru-1-to-2-years-280926008860?src=directSearch&sid=17905902967594974&xp=2&px=3,No Apply button
2026-09-28 10:11:58,Jr. Backend Developer,Aritha,https://www.naukri.com/job-listings-jr-backend-developer-aritha-bengaluru-1-to-3-years-150724502206,External company site
2026-09-28 10:12:00,Jr. Backend Developer,Aritha,https://www.naukri.com/job-listings-jr-backend-developer-aritha-bengaluru-1-to-3-years-150724502206?src=directSearch&sid=17905902967594974&xp=3&px=3,External company site
2026-09-28 10:12:00,Java Backend Developer (SDE 1),Twinleaves Retail Ecommerce,https://www.naukri.com/job-listings-java-backend-developer-sde-1-twinleaves-retail-ecommerce-india-bengaluru-1-to-2-years-151225502726,Excluded tech stack: Java
2026-09-28 10:12:03,Backend Developer (Golang),Tradelab,https://www.naukri.com/job-listings-backend-developer-golang-tradelab-bengaluru-2-to-5-years-060625503883,External company site
2026-09-28 10:12:06,Backend Developer (Golang),Tradelab,https://www.naukri.com/job-listings-backend-developer-golang-tradelab-bengaluru-2-to-5-years-060625503883?src=directSearch&sid=17905902967594974&xp=5&px=3,External company site
2026-09-28 10:12:06,PHP/Web Backend Developers,Seekneo Software,https://www.naukri.com/job-listings-php-web-backend-developers-seekneo-software-pvt-ltd-bengaluru-1-to-3-years-030626501638,Excluded tech stack: PHP
2026-09-28 10:12:06,Backend Ruby Stack Developer,Xllent Corporate Services Pvt Ltd,https://www.naukri.com/job-listings-backend-ruby-stack-developer-xllent-corporate-services-pvt-ltd-bengaluru-1-to-6-years-170926923014,Excluded tech stack: Ruby
2026-09-28 10:12:06,Java Backend Developer,Stridefuture Technologies,https://www.naukri.com/job-listings-java-backend-developer-stridefuture-technologies-pvt-ltd-bengaluru-2-to-4-years-030423501406,Excluded tech stack: Java
2026-09-28 10:12:07,Backend Developer- Java (Senior Software Engineer I/II),MakeMyTrip,https://www.naukri.com/job-listings-backend-developer-java-senior-software-engineer-i-ii-makemytrip-bengaluru-2-to-7-years-021123008584,Excluded tech stack: Java
2026-09-28 10:12:09,Software Engineer - Backend Developer,Cloud Counselage,https://www.naukri.com/job-listings-software-engineer-backend-developer-cloud-counselage-pvt-ltd-bengaluru-1-to-29-years-301225508225,External company site
2026-09-28 10:12:12,Software Engineer - Backend Developer,Cloud Counselage,https://www.naukri.com/job-listings-software-engineer-backend-developer-cloud-counselage-pvt-ltd-bengaluru-1-to-29-years-301225508225?src=directSearch&sid=17905902967594974&xp=10&px=3,External company site
2026-09-28 10:12:12,PHP Backend Developer,Zepo Technologies,https://www.naukri.com/job-listings-php-backend-developer-zepo-technologies-pvt-ltd-bengaluru-2-to-7-years-091222500813,Excluded tech stack: PHP
2026-09-28 10:12:24,Back-End Developer,QCS Dc Labs,https://www.naukri.com/job-listings-back-end-developer-qcs-dc-labs-bengaluru-bengaluru-0-to-5-years-280926914361?src=directSearch&sid=17905902967594974&xp=12&px=3,No Apply button
2026-09-28 10:12:26,PHP Backend Developer,Carvewing Solutions,https://www.naukri.com/job-listings-php-backend-developer-carvewing-solutions-bengaluru-2-to-5-years-041023502243,Excluded tech stack: PHP
2026-09-28 10:12:26,PHP Backend Developer,Verz Design,https://www.naukri.com/job-listings-php-backend-developer-verz-design-kolkata-mumbai-new-delhi-hyderabad-pune-chennai-bengaluru-2-to-7-years-090120500939,Excluded tech stack: PHP
2026-09-28 10:12:28,Senior Backend Developer,Noon Academy,https://www.naukri.com/job-listings-senior-backend-developer-noon-academy-bengaluru-2-to-5-years-140923500465,External company site
2026-09-28 10:12:31,Senior Backend Developer,Noon Academy,https://www.naukri.com/job-listings-senior-backend-developer-noon-academy-bengaluru-2-to-5-years-140923500465?src=directSearch&sid=17905902967594974&xp=15&px=3,External company site
2026-09-28 10:12:34,Full Stack Developer (Backend/.NET),Millennium Consulting,https://www.naukri.com/job-listings-full-stack-developer-backend-net-millennium-consulting-india-private-limited-bengaluru-2-to-5-years-310826920716,External company site
2026-09-28 10:12:37,Full Stack Developer (Backend/.NET),Millennium Consulting,https://www.naukri.com/job-listings-full-stack-developer-backend-net-millennium-consulting-india-private-limited-bengaluru-2-to-5-years-310826920716?src=directSearch&sid=17905902967594974&xp=16&px=3,External company site
2026-09-28 10:12:40,Lead Backend Developer - Aviation Systems,SWS Smart Working Solutions,https://www.naukri.com/job-listings-lead-backend-developer-aviation-systems-smart-working-bengaluru-1-to-3-years-200226504171,External company site
2026-09-28 10:12:43,Lead Backend Developer - Aviation Systems,SWS Smart Working Solutions,https://www.naukri.com/job-listings-lead-backend-developer-aviation-systems-smart-working-bengaluru-1-to-3-years-200226504171?src=directSearch&sid=17905902967594974&xp=17&px=3,External company site
2026-09-28 10:13:01,Android Developer (Java Backend),IT Industry,https://www.naukri.com/job-listings-android-developer-java-backend-serendipity-corporate-services-bengaluru-2-to-7-years-170926922416,Excluded tech stack: Android
2026-09-28 10:13:04,AEM Developer Backend Developer (Apple),Krazy Mantra It,https://www.naukri.com/job-listings-aem-developer-backend-developer-apple-krazy-mantra-group-of-companies-bhubaneswar-mumbai-hyderabad-pune-chennai-bengaluru-2-to-7-years-230925502003,External company site
2026-09-28 10:13:07,AEM Developer Backend Developer (Apple),Krazy Mantra It,https://www.naukri.com/job-listings-aem-developer-backend-developer-apple-krazy-mantra-group-of-companies-bhubaneswar-mumbai-hyderabad-pune-chennai-bengaluru-2-to-7-years-230925502003?src=directSearch&sid=17905902967594974&xp=20&px=3,External company site
2026-09-28 10:13:11,Backend Java Developer,Nimblix Technologies,https://www.naukri.com/job-listings-backend-java-developer-nimblix-technologies-bengaluru-1-to-3-years-170626501211,Excluded tech stack: Java
2026-09-28 10:13:11,Backend Java Developer,Tripgain,https://www.naukri.com/job-listings-backend-java-developer-tripgain-travel-and-expense-management-solutions-bengaluru-2-to-5-years-170925503795,Excluded tech stack: Java
2026-09-28 10:13:14,Backend Web Developer,Microsharp Technologies,https://www.naukri.com/job-listings-backend-web-developer-microsharp-technologies-bengaluru-2-to-6-years-121125503243,External company site
2026-09-28 10:13:17,Backend Web Developer,Microsharp Technologies,https://www.naukri.com/job-listings-backend-web-developer-microsharp-technologies-bengaluru-2-to-6-years-121125503243?src=directSearch&sid=1790590388330543&xp=3&px=4,External company site
2026-09-28 10:13:20,Full-Stack Developer (Backend-Focused) - Python Stack,Kuvaka Tech,https://www.naukri.com/job-listings-full-stack-developer-backend-focused-python-stack-hireto-by-kuvaka-tech-bengaluru-1-to-6-years-110826507360,External company site
2026-09-28 10:13:23,Full-Stack Developer (Backend-Focused) - Python Stack,Kuvaka Tech,https://www.naukri.com/job-listings-full-stack-developer-backend-focused-python-stack-hireto-by-kuvaka-tech-bengaluru-1-to-6-years-110826507360?src=directSearch&sid=1790590388330543&xp=4&px=4,External company site
2026-09-28 10:13:26,Back - End Developer,Digital Glyde,https://www.naukri.com/job-listings-back-end-developer-digital-glyde-kolkata-mumbai-new-delhi-hyderabad-pune-chennai-bengaluru-0-to-3-years-170524500932,External company site
2026-09-28 10:13:29,Back - End Developer,Digital Glyde,https://www.naukri.com/job-listings-back-end-developer-digital-glyde-kolkata-mumbai-new-delhi-hyderabad-pune-chennai-bengaluru-0-to-3-years-170524500932?src=directSearch&sid=1790590388330543&xp=6&px=4,External company site
2026-09-28 10:13:45,Java Developer (Backend),Divum,https://www.naukri.com/job-listings-java-developer-backend-divum-corporate-services-pvt-ltd-bengaluru-2-to-5-years-301222501299,Excluded tech stack: Java
2026-09-28 10:13:48,Software Engineer,Cisco,https://www.naukri.com/job-listings-software-engineer-cisco-bengaluru-2-to-4-years-220926501622,External company site
2026-09-28 10:13:51,Software Engineer,Cisco,https://www.naukri.com/job-listings-software-engineer-cisco-bengaluru-2-to-4-years-220926501622?src=directSearch&sid=1790590388330543&xp=9&px=4,External company site
2026-09-28 10:13:51,Backend Java Developer,Avaali Solutions,https://www.naukri.com/job-listings-backend-java-developer-avaali-solutions-bengaluru-2-to-5-years-230926027205,Excluded tech stack: Java
2026-09-28 10:13:54,Software Engineer,Onder Shipthis Technologies,https://www.naukri.com/job-listings-software-engineer-shipthis-bengaluru-1-to-2-years-220926503503,External company site
2026-09-28 10:13:57,Software Engineer,Onder Shipthis Technologies,https://www.naukri.com/job-listings-software-engineer-shipthis-bengaluru-1-to-2-years-220926503503?src=directSearch&sid=1790590388330543&xp=11&px=4,External company site
2026-09-28 10:14:00,Custom Software Engineer,Accenture,https://www.naukri.com/job-listings-custom-software-engineer-accenture-solutions-pvt-ltd-bengaluru-2-to-5-years-220926939872,External company site
2026-09-28 10:14:03,Custom Software Engineer,Accenture,https://www.naukri.com/job-listings-custom-software-engineer-accenture-solutions-pvt-ltd-bengaluru-2-to-5-years-220926939872?src=directSearch&sid=1790590388330543&xp=15&px=4,External company site
2026-09-28 10:14:03,Backend Java Developer,Newgen,https://www.naukri.com/job-listings-backend-java-developer-naukri-e-hire-campaign-bengaluru-2-to-4-years-160926009207,Excluded tech stack: Java
2026-09-28 10:14:06,Back End Developer,Search Homes India,https://www.naukri.com/job-listings-back-end-developer-search-homes-india-private-limited-bengaluru-2-to-6-years-210726501696,External company site
2026-09-28 10:14:09,Back End Developer,Search Homes India,https://www.naukri.com/job-listings-back-end-developer-search-homes-india-private-limited-bengaluru-2-to-6-years-210726501696?src=directSearch&sid=1790590388330543&xp=17&px=4,External company site
2026-09-28 10:14:12,BACK END DEVELOPER,Resolve Business Services,https://www.naukri.com/job-listings-back-end-developer-resolve-business-services-bengaluru-1-to-6-years-180526505831,External company site
2026-09-28 10:14:15,BACK END DEVELOPER,Resolve Business Services,https://www.naukri.com/job-listings-back-end-developer-resolve-business-services-bengaluru-1-to-6-years-180526505831?src=directSearch&sid=1790590388330543&xp=18&px=4,External company site
2026-09-28 10:14:17,Custom Software Engineer,Accenture,https://www.naukri.com/job-listings-custom-software-engineer-accenture-solutions-pvt-ltd-bengaluru-2-to-5-years-220926939979,External company site
2026-09-28 10:14:20,Custom Software Engineer,Accenture,https://www.naukri.com/job-listings-custom-software-engineer-accenture-solutions-pvt-ltd-bengaluru-2-to-5-years-220926939979?src=directSearch&sid=1790590388330543&xp=20&px=4,External company site
2026-09-28 10:14:25,Backend JAVA Developer,Connect Global Solution,https://www.naukri.com/job-listings-backend-java-developer-connect-solution-bengaluru-1-to-3-years-110826502955,Excluded tech stack: Java
2026-09-28 10:14:28,Backend Engineer,Testsigma,https://www.naukri.com/job-listings-backend-engineer-testsigma-inc-bengaluru-0-to-4-years-050826502922,External company site
2026-09-28 10:14:30,Backend Engineer,Testsigma,https://www.naukri.com/job-listings-backend-engineer-testsigma-inc-bengaluru-0-to-4-years-050826502922?src=directSearch&sid=17905904615334672&xp=2&px=5,External company site
2026-09-28 10:14:34,Python/Back End Developer,Krazy Mantra It,https://www.naukri.com/job-listings-python-back-end-developer-krazy-mantra-group-of-companies-noida-kolkata-hyderabad-pune-chennai-gurugram-bengaluru-1-to-3-years-220425502988,External company site
2026-09-28 10:14:37,Python/Back End Developer,Krazy Mantra It,https://www.naukri.com/job-listings-python-back-end-developer-krazy-mantra-group-of-companies-noida-kolkata-hyderabad-pune-chennai-gurugram-bengaluru-1-to-3-years-220425502988?src=directSearch&sid=17905904615334672&xp=3&px=5,External company site
2026-09-28 10:14:40,Backend Golang Developer,Proofpoint,https://www.naukri.com/job-listings-backend-golang-developer-proofpoint-bengaluru-2-to-6-years-140526503733,External company site
2026-09-28 10:14:43,Backend Golang Developer,Proofpoint,https://www.naukri.com/job-listings-backend-golang-developer-proofpoint-bengaluru-2-to-6-years-140526503733?src=directSearch&sid=17905904615334672&xp=4&px=5,External company site
2026-09-28 10:14:46,Backend Golang Developer,Proofpoint,https://www.naukri.com/job-listings-backend-golang-developer-proofpoint-bengaluru-2-to-6-years-140526503730,External company site
2026-09-28 10:14:49,Backend Golang Developer,Proofpoint,https://www.naukri.com/job-listings-backend-golang-developer-proofpoint-bengaluru-2-to-6-years-140526503730?src=directSearch&sid=17905904615334672&xp=5&px=5,External company site
2026-09-28 10:14:52,Backend Golang Developer,Proofpoint,https://www.naukri.com/job-listings-backend-golang-developer-proofpoint-bengaluru-2-to-6-years-140526503729,External company site
2026-09-28 10:14:55,Backend Golang Developer,Proofpoint,https://www.naukri.com/job-listings-backend-golang-developer-proofpoint-bengaluru-2-to-6-years-140526503729?src=directSearch&sid=17905904615334672&xp=6&px=5,External company site
2026-09-28 10:14:57,Back End Developer,Xogene,https://www.naukri.com/job-listings-back-end-developer-xogene-services-llc-kolkata-mumbai-new-delhi-hyderabad-pune-chennai-bengaluru-1-to-3-years-100125507349,External company site
2026-09-28 10:15:00,Back End Developer,Xogene,https://www.naukri.com/job-listings-back-end-developer-xogene-services-llc-kolkata-mumbai-new-delhi-hyderabad-pune-chennai-bengaluru-1-to-3-years-100125507349?src=directSearch&sid=17905904615334672&xp=7&px=5,External company site
2026-09-28 10:15:57,Software Development Engineer,Accenture,https://www.naukri.com/job-listings-software-development-engineer-accenture-solutions-pvt-ltd-bengaluru-1-to-4-years-220926940056,External company site
2026-09-28 10:16:00,Software Development Engineer,Accenture,https://www.naukri.com/job-listings-software-development-engineer-accenture-solutions-pvt-ltd-bengaluru-1-to-4-years-220926940056?src=directSearch&sid=17905904615334672&xp=11&px=5,External company site
2026-09-28 10:16:12,Junior Developer,Creative Hands HR,https://www.naukri.com/job-listings-junior-developer-creative-hands-hr-hyderabad-chennai-bengaluru-0-to-2-years-280926000987?src=directSearch&sid=17905904615334672&xp=12&px=5,No Apply button
2026-09-28 10:16:54,Back End Developer,Brick&Bolt,https://www.naukri.com/job-listings-back-end-developer-brick-bolt-bengaluru-2-to-5-years-090721500257,External company site
2026-09-28 10:16:57,Back End Developer,Brick&Bolt,https://www.naukri.com/job-listings-back-end-developer-brick-bolt-bengaluru-2-to-5-years-090721500257?src=directSearch&sid=17905904615334672&xp=15&px=5,External company site
2026-09-28 10:17:00,Back-end Developer,CLO Virtual Fashion,https://www.naukri.com/job-listings-back-end-developer-clo-virtual-fashion-inc-bengaluru-1-to-4-years-120526501526,External company site
2026-09-28 10:17:03,Back-end Developer,CLO Virtual Fashion,https://www.naukri.com/job-listings-back-end-developer-clo-virtual-fashion-inc-bengaluru-1-to-4-years-120526501526?src=directSearch&sid=17905904615334672&xp=16&px=5,External company site
2026-09-28 10:17:06,Backend and Frontend Developer,Fresha,https://www.naukri.com/job-listings-backend-and-frontend-developer-fresha-bengaluru-1-to-3-years-240726500072,External company site
2026-09-28 10:17:09,Backend and Frontend Developer,Fresha,https://www.naukri.com/job-listings-backend-and-frontend-developer-fresha-bengaluru-1-to-3-years-240726500072?src=directSearch&sid=17905904615334672&xp=17&px=5,External company site
2026-09-28 10:17:12,Full Stack Engineer,Accenture,https://www.naukri.com/job-listings-full-stack-engineer-accenture-solutions-pvt-ltd-bengaluru-2-to-5-years-140926918883,External company site
2026-09-28 10:17:15,Full Stack Engineer,Accenture,https://www.naukri.com/job-listings-full-stack-engineer-accenture-solutions-pvt-ltd-bengaluru-2-to-5-years-140926918883?src=directSearch&sid=17905904615334672&xp=18&px=5,External company site
2026-09-28 10:17:49,Data Engineer,Innocode Ventures,https://www.naukri.com/job-listings-data-engineer-innocode-ventures-bengaluru-1-to-2-years-220926503042,External company site
2026-09-28 10:17:51,Data Engineer,Innocode Ventures,https://www.naukri.com/job-listings-data-engineer-innocode-ventures-bengaluru-1-to-2-years-220926503042?src=directSearch&sid=17905906446604292&xp=2&px=1,External company site
2026-09-28 10:17:54,Data Engineer/ Data Analyst,Varaha Systems,https://www.naukri.com/job-listings-data-engineer-data-analyst-varaha-systems-inc-bengaluru-2-to-4-years-160626500759,External company site
2026-09-28 10:17:57,Data Engineer/ Data Analyst,Varaha Systems,https://www.naukri.com/job-listings-data-engineer-data-analyst-varaha-systems-inc-bengaluru-2-to-4-years-160626500759?src=directSearch&sid=17905906446604292&xp=3&px=1,External company site
2026-09-28 10:18:00,Data Engineer,Opseazy,https://www.naukri.com/job-listings-data-engineer-opseazy-bengaluru-1-to-3-years-220926500224,External company site
2026-09-28 10:18:03,Data Engineer,Opseazy,https://www.naukri.com/job-listings-data-engineer-opseazy-bengaluru-1-to-3-years-220926500224?src=directSearch&sid=17905906446604292&xp=4&px=1,External company site
2026-09-28 10:19:35,Data Engineer / ETL Developer,Evanti Tech,https://www.naukri.com/job-listings-data-engineer-etl-developer-evanti-tech-private-limited-bengaluru-2-to-5-years-240426501672,External company site
2026-09-28 10:19:38,Data Engineer / ETL Developer,Evanti Tech,https://www.naukri.com/job-listings-data-engineer-etl-developer-evanti-tech-private-limited-bengaluru-2-to-5-years-240426501672?src=directSearch&sid=17905906446604292&xp=10&px=1,External company site
2026-09-28 10:19:41,Data Engineer,Accenture,https://www.naukri.com/job-listings-data-engineer-accenture-solutions-pvt-ltd-bengaluru-2-to-4-years-220926939775,External company site
2026-09-28 10:19:44,Data Engineer,Accenture,https://www.naukri.com/job-listings-data-engineer-accenture-solutions-pvt-ltd-bengaluru-2-to-4-years-220926939775?src=directSearch&sid=17905906446604292&xp=11&px=1,External company site
2026-09-28 10:19:46,Data Engineer,Accenture,https://www.naukri.com/job-listings-data-engineer-accenture-solutions-pvt-ltd-bengaluru-2-to-4-years-240926932339,External company site
2026-09-28 10:19:49,Data Engineer,Accenture,https://www.naukri.com/job-listings-data-engineer-accenture-solutions-pvt-ltd-bengaluru-2-to-4-years-240926932339?src=directSearch&sid=17905906446604292&xp=12&px=1,External company site
2026-09-28 10:19:52,Data Engineer,Accenture,https://www.naukri.com/job-listings-data-engineer-accenture-solutions-pvt-ltd-bengaluru-2-to-4-years-140926917576,External company site
2026-09-28 10:19:55,Data Engineer,Accenture,https://www.naukri.com/job-listings-data-engineer-accenture-solutions-pvt-ltd-bengaluru-2-to-4-years-140926917576?src=directSearch&sid=17905906446604292&xp=13&px=1,External company site
2026-09-28 10:19:58,Data Engineer,Accenture,https://www.naukri.com/job-listings-data-engineer-accenture-solutions-pvt-ltd-bengaluru-2-to-4-years-220926941748,External company site
2026-09-28 10:20:01,Data Engineer,Accenture,https://www.naukri.com/job-listings-data-engineer-accenture-solutions-pvt-ltd-bengaluru-2-to-4-years-220926941748?src=directSearch&sid=17905906446604292&xp=14&px=1,External company site
2026-09-28 10:21:03,Senior Engineer - Cloud & Infra Management,Smartit Frame Software Services,https://www.naukri.com/job-listings-senior-engineer-cloud-infra-management-smart-it-frame-llc-bengaluru-1-to-2-years-270326503879,External company site
2026-09-28 10:21:05,Senior Engineer - Cloud & Infra Management,Smartit Frame Software Services,https://www.naukri.com/job-listings-senior-engineer-cloud-infra-management-smart-it-frame-llc-bengaluru-1-to-2-years-270326503879?src=directSearch&sid=17905908567038243&xp=1&px=1,External company site
2026-09-28 10:21:08,"Cloud Infrastructure, Network & Storage Engineer",E4 Software Services,https://www.naukri.com/job-listings-cloud-infrastructure-network-storage-engineer-e4-softwares-bengaluru-2-to-6-years-010926501333,External company site
2026-09-28 10:21:11,"Cloud Infrastructure, Network & Storage Engineer",E4 Software Services,https://www.naukri.com/job-listings-cloud-infrastructure-network-storage-engineer-e4-softwares-bengaluru-2-to-6-years-010926501333?src=directSearch&sid=17905908567038243&xp=2&px=1,External company site
2026-09-28 10:21:14,Agentic Engineer,C4scale,https://www.naukri.com/job-listings-agentic-engineer-c4scale-bengaluru-2-to-5-years-100626500140,External company site
2026-09-28 10:21:17,Agentic Engineer,C4scale,https://www.naukri.com/job-listings-agentic-engineer-c4scale-bengaluru-2-to-5-years-100626500140?src=directSearch&sid=17905908567038243&xp=3&px=1,External company site
2026-09-28 10:21:20,Kafka Engineer,Fractal Analytics,https://www.naukri.com/job-listings-kafka-engineer-fractal-analytics-ltd-bengaluru-2-to-6-years-280525504621,External company site
2026-09-28 10:21:23,Kafka Engineer,Fractal Analytics,https://www.naukri.com/job-listings-kafka-engineer-fractal-analytics-ltd-bengaluru-2-to-6-years-280525504621?src=directSearch&sid=17905908567038243&xp=4&px=1,External company site
2026-09-28 10:21:26,Senior Staff Cloud Infrastructure Engineer,Toku,https://www.naukri.com/job-listings-senior-staff-cloud-infrastructure-engineer-toku-bengaluru-0-to-5-years-040926504518,External company site
2026-09-28 10:21:29,Senior Staff Cloud Infrastructure Engineer,Toku,https://www.naukri.com/job-listings-senior-staff-cloud-infrastructure-engineer-toku-bengaluru-0-to-5-years-040926504518?src=directSearch&sid=17905908567038243&xp=5&px=1,External company site
2026-09-28 10:21:32,Sr Technical Lead-Cloud & Infra Engg,Birlasoft,https://www.naukri.com/job-listings-sr-technical-lead-cloud-infra-engg-birlasoft-india-limited-bengaluru-1-to-11-years-180926501928,External company site
2026-09-28 10:21:34,Sr Technical Lead-Cloud & Infra Engg,Birlasoft,https://www.naukri.com/job-listings-sr-technical-lead-cloud-infra-engg-birlasoft-india-limited-bengaluru-1-to-11-years-180926501928?src=directSearch&sid=17905908567038243&xp=7&px=1,External company site
2026-09-28 10:21:37,Cloud Developer,Logicalwhy,https://www.naukri.com/job-listings-cloud-developer-logicalwhy-bengaluru-2-to-5-years-110626504671,External company site
2026-09-28 10:21:40,Cloud Developer,Logicalwhy,https://www.naukri.com/job-listings-cloud-developer-logicalwhy-bengaluru-2-to-5-years-110626504671?src=directSearch&sid=17905908567038243&xp=9&px=1,External company site
2026-09-28 10:21:43,IFS Cloud Developer,Rockwell Automation,https://www.naukri.com/job-listings-ifs-cloud-developer-rockwell-automation-bengaluru-1-to-2-years-210526508344,External company site
2026-09-28 10:21:46,IFS Cloud Developer,Rockwell Automation,https://www.naukri.com/job-listings-ifs-cloud-developer-rockwell-automation-bengaluru-1-to-2-years-210526508344?src=directSearch&sid=17905908567038243&xp=10&px=1,External company site
2026-09-28 10:22:07,Software Engineer,NetApp,https://www.naukri.com/job-listings-software-engineer-netapp-bengaluru-0-to-3-years-150726015430,No Apply button
2026-09-28 10:22:13,Software Engineer,NetApp,https://www.naukri.com/job-listings-software-engineer-netapp-bengaluru-0-to-3-years-150726015430?src=directSearch&sid=17905908567038243&xp=15&px=1,No Apply button
2026-09-28 10:22:18,Security Architect,Accenture,https://www.naukri.com/job-listings-security-architect-accenture-solutions-pvt-ltd-bengaluru-2-to-7-years-220926934083,External company site
2026-09-28 10:22:21,Security Architect,Accenture,https://www.naukri.com/job-listings-security-architect-accenture-solutions-pvt-ltd-bengaluru-2-to-7-years-220926934083?src=directSearch&sid=17905908567038243&xp=16&px=1,External company site
2026-09-28 10:22:42,QA SW ENGINEER - Network Protocol Testing- Python Automation,Extreme Networks,https://www.naukri.com/job-listings-qa-sw-engineer-network-protocol-testing-python-automation-extreme-networks-india-pvt-ltd-bengaluru-2-to-4-years-240926504680,External company site
2026-09-28 10:22:45,QA SW ENGINEER - Network Protocol Testing- Python Automation,Extreme Networks,https://www.naukri.com/job-listings-qa-sw-engineer-network-protocol-testing-python-automation-extreme-networks-india-pvt-ltd-bengaluru-2-to-4-years-240926504680?src=directSearch&sid=17905908567038243&xp=19&px=1,External company site
2026-09-28 10:22:48,Sr Agentic Systems Engineer,Ringcentral,https://www.naukri.com/job-listings-sr-agentic-systems-engineer-ringcentral-bengaluru-1-to-2-years-240926502826,External company site
2026-09-28 10:22:51,Sr Agentic Systems Engineer,Ringcentral,https://www.naukri.com/job-listings-sr-agentic-systems-engineer-ringcentral-bengaluru-1-to-2-years-240926502826?src=directSearch&sid=17905908567038243&xp=20&px=1,External company site
2026-09-28 10:22:59,AWS Platform Engineer,Torry Harris Business Solutions,https://www.naukri.com/job-listings-aws-platform-engineer-torry-harris-bengaluru-1-to-6-years-230926501790,External company site
2026-09-28 10:23:02,AWS Platform Engineer,Torry Harris Business Solutions,https://www.naukri.com/job-listings-aws-platform-engineer-torry-harris-bengaluru-1-to-6-years-230926501790?src=directSearch&sid=17905909727474915&xp=2&px=2,External company site
2026-09-28 10:23:05,Junior Application Support & Site Reliability Engineer,Apple,https://www.naukri.com/job-listings-junior-application-support-site-reliability-engineer-apple-india-pvt-ltd-bengaluru-1-to-2-years-210926504918,External company site
2026-09-28 10:23:08,Junior Application Support & Site Reliability Engineer,Apple,https://www.naukri.com/job-listings-junior-application-support-site-reliability-engineer-apple-india-pvt-ltd-bengaluru-1-to-2-years-210926504918?src=directSearch&sid=17905909727474915&xp=3&px=2,External company site
2026-09-28 10:23:10,System Admin,Signzy,https://www.naukri.com/job-listings-system-admin-signzy-bengaluru-2-to-3-years-220926501698,External company site
2026-09-28 10:23:13,System Admin,Signzy,https://www.naukri.com/job-listings-system-admin-signzy-bengaluru-2-to-3-years-220926501698?src=directSearch&sid=17905909727474915&xp=4&px=2,External company site
2026-09-28 10:23:13,Java Developer,MUFG Bank,https://www.naukri.com/job-listings-java-developer-bank-of-tokyo-mitsubishi-ufj-ltd-bengaluru-2-to-5-years-220926501113,Excluded tech stack: Java
2026-09-28 10:23:16,Software Engineer,Cisco,https://www.naukri.com/job-listings-software-engineer-cisco-bengaluru-2-to-4-years-210926501686,External company site
2026-09-28 10:23:19,Software Engineer,Cisco,https://www.naukri.com/job-listings-software-engineer-cisco-bengaluru-2-to-4-years-210926501686?src=directSearch&sid=17905909727474915&xp=6&px=2,External company site
2026-09-28 10:23:22,Site Reliability Engineer II,Akamai,https://www.naukri.com/job-listings-site-reliability-engineer-ii-akamai-technologies-bengaluru-2-to-7-years-220926504015,External company site
2026-09-28 10:23:25,Site Reliability Engineer II,Akamai,https://www.naukri.com/job-listings-site-reliability-engineer-ii-akamai-technologies-bengaluru-2-to-7-years-220926504015?src=directSearch&sid=17905909727474915&xp=7&px=2,External company site
2026-09-28 10:23:28,Database Administrator,Nextwebi IT solutions Pvt ltd,https://www.naukri.com/job-listings-database-administrator-nextwebi-it-solutions-bengaluru-1-to-3-years-210926504882,External company site
2026-09-28 10:23:31,Database Administrator,Nextwebi IT solutions Pvt ltd,https://www.naukri.com/job-listings-database-administrator-nextwebi-it-solutions-bengaluru-1-to-3-years-210926504882?src=directSearch&sid=17905909727474915&xp=8&px=2,External company site
2026-09-28 10:23:34,Database Migration Engineer,Sigmoid Analytics,https://www.naukri.com/job-listings-database-migration-engineer-sigmoid-bengaluru-2-to-5-years-230926501374,External company site
2026-09-28 10:23:37,Database Migration Engineer,Sigmoid Analytics,https://www.naukri.com/job-listings-database-migration-engineer-sigmoid-bengaluru-2-to-5-years-230926501374?src=directSearch&sid=17905909727474915&xp=10&px=2,External company site
2026-09-28 10:23:40,Custom Software Engineer,Accenture,https://www.naukri.com/job-listings-custom-software-engineer-accenture-solutions-pvt-ltd-bengaluru-2-to-5-years-230926935344,External company site
2026-09-28 10:23:43,Custom Software Engineer,Accenture,https://www.naukri.com/job-listings-custom-software-engineer-accenture-solutions-pvt-ltd-bengaluru-2-to-5-years-230926935344?src=directSearch&sid=17905909727474915&xp=11&px=2,External company site
2026-09-28 10:23:46,AI / ML Engineer,Accenture,https://www.naukri.com/job-listings-ai-ml-engineer-accenture-solutions-pvt-ltd-bengaluru-2-to-5-years-220926942142,External company site
2026-09-28 10:23:49,AI / ML Engineer,Accenture,https://www.naukri.com/job-listings-ai-ml-engineer-accenture-solutions-pvt-ltd-bengaluru-2-to-5-years-220926942142?src=directSearch&sid=17905909727474915&xp=12&px=2,External company site
2026-09-28 10:23:52,Software Development Engineer II,Viacom18,https://www.naukri.com/job-listings-software-development-engineer-ii-viacom-18-media-private-limited-bengaluru-2-to-4-years-240926502757,External company site
2026-09-28 10:23:55,Software Development Engineer II,Viacom18,https://www.naukri.com/job-listings-software-development-engineer-ii-viacom-18-media-private-limited-bengaluru-2-to-4-years-240926502757?src=directSearch&sid=17905909727474915&xp=15&px=2,External company site
2026-09-28 10:23:58,Lead Software Engineer,Coupa,https://www.naukri.com/job-listings-lead-software-engineer-coupa-software-inc-bengaluru-1-to-2-years-230926504282,External company site
2026-09-28 10:24:01,Lead Software Engineer,Coupa,https://www.naukri.com/job-listings-lead-software-engineer-coupa-software-inc-bengaluru-1-to-2-years-230926504282?src=directSearch&sid=17905909727474915&xp=16&px=2,External company site
2026-09-28 10:24:04,Data Platform Engineer,Accenture,https://www.naukri.com/job-listings-data-platform-engineer-accenture-solutions-pvt-ltd-bengaluru-2-to-5-years-220926939229,External company site
2026-09-28 10:24:06,Data Platform Engineer,Accenture,https://www.naukri.com/job-listings-data-platform-engineer-accenture-solutions-pvt-ltd-bengaluru-2-to-5-years-220926939229?src=directSearch&sid=17905909727474915&xp=18&px=2,External company site
2026-09-28 10:24:09,Operations Engineer,Accenture,https://www.naukri.com/job-listings-operations-engineer-accenture-solutions-pvt-ltd-bengaluru-2-to-5-years-230926935678,External company site
2026-09-28 10:24:12,Operations Engineer,Accenture,https://www.naukri.com/job-listings-operations-engineer-accenture-solutions-pvt-ltd-bengaluru-2-to-5-years-230926935678?src=directSearch&sid=17905909727474915&xp=19&px=2,External company site
2026-09-28 10:24:15,Geospatial Engineer,Satsure Analytics,https://www.naukri.com/job-listings-geospatial-engineer-satsure-analytics-india-pvt-ltd-bengaluru-2-to-3-years-170926503138,External company site
2026-09-28 10:24:18,Geospatial Engineer,Satsure Analytics,https://www.naukri.com/job-listings-geospatial-engineer-satsure-analytics-india-pvt-ltd-bengaluru-2-to-3-years-170926503138?src=directSearch&sid=17905909727474915&xp=20&px=2,External company site
2026-09-28 10:24:25,TECHNICAL LEAD - AWS,Happiest Minds Technologies,https://www.naukri.com/job-listings-technical-lead-aws-happiest-minds-technologies-pvt-ltd-bengaluru-2-to-7-years-170926503016,External company site
2026-09-28 10:24:28,TECHNICAL LEAD - AWS,Happiest Minds Technologies,https://www.naukri.com/job-listings-technical-lead-aws-happiest-minds-technologies-pvt-ltd-bengaluru-2-to-7-years-170926503016?src=directSearch&sid=17905910592721274&xp=5&px=3,External company site
2026-09-28 10:24:31,Infrastructure Engineer,Accenture,https://www.naukri.com/job-listings-infrastructure-engineer-accenture-solutions-pvt-ltd-bengaluru-2-to-5-years-070926926392,External company site
2026-09-28 10:24:34,Infrastructure Engineer,Accenture,https://www.naukri.com/job-listings-infrastructure-engineer-accenture-solutions-pvt-ltd-bengaluru-2-to-5-years-070926926392?src=directSearch&sid=17905910592721274&xp=6&px=3,External company site
2026-09-28 10:24:34,C++/Java Lead Software Developer,Opentext,https://www.naukri.com/job-listings-c-java-lead-software-developer-opentext-technologies-india-pvt-ltd-bengaluru-2-to-4-years-240926932531,"Excluded tech stack: Java, C++"
2026-09-28 10:24:37,Full stack Engineer,India Health Link,https://www.naukri.com/job-listings-full-stack-engineer-india-health-link-pvt-ltd-bengaluru-2-to-7-years-160926504122,External company site
2026-09-28 10:24:40,Full stack Engineer,India Health Link,https://www.naukri.com/job-listings-full-stack-engineer-india-health-link-pvt-ltd-bengaluru-2-to-7-years-160926504122?src=directSearch&sid=17905910592721274&xp=8&px=3,External company site
2026-09-28 10:24:59,Sr Software Engineer - AI/ML,Crewmeister,https://www.naukri.com/job-listings-sr-software-engineer-ai-ml-crewmeister-bengaluru-2-to-6-years-210926502661,External company site
2026-09-28 10:25:02,Sr Software Engineer - AI/ML,Crewmeister,https://www.naukri.com/job-listings-sr-software-engineer-ai-ml-crewmeister-bengaluru-2-to-6-years-210926502661?src=directSearch&sid=17905910592721274&xp=10&px=3,External company site
2026-09-28 10:25:05,AI / ML Engineer,Accenture,https://www.naukri.com/job-listings-ai-ml-engineer-accenture-solutions-pvt-ltd-bengaluru-2-to-5-years-220926942148,External company site
2026-09-28 10:25:08,AI / ML Engineer,Accenture,https://www.naukri.com/job-listings-ai-ml-engineer-accenture-solutions-pvt-ltd-bengaluru-2-to-5-years-220926942148?src=directSearch&sid=17905910592721274&xp=11&px=3,External company site
2026-09-28 10:25:11,Software Developer,Geoiq,https://www.naukri.com/job-listings-software-developer-geoiq-bengaluru-2-to-7-years-170926501256,External company site
2026-09-28 10:25:14,Software Developer,Geoiq,https://www.naukri.com/job-listings-software-developer-geoiq-bengaluru-2-to-7-years-170926501256?src=directSearch&sid=17905910592721274&xp=12&px=3,External company site
2026-09-28 10:25:17,Application Support Engineer,Accenture,https://www.naukri.com/job-listings-application-support-engineer-accenture-solutions-pvt-ltd-bengaluru-1-to-4-years-230926934749,External company site
2026-09-28 10:25:20,Application Support Engineer,Accenture,https://www.naukri.com/job-listings-application-support-engineer-accenture-solutions-pvt-ltd-bengaluru-1-to-4-years-230926934749?src=directSearch&sid=17905910592721274&xp=13&px=3,External company site
2026-09-28 10:25:39,S&C Global Network - AI - Data Strategy - Analyst,Accenture,https://www.naukri.com/job-listings-s-c-global-network-ai-data-strategy-analyst-accenture-solutions-pvt-ltd-bengaluru-2-to-3-years-220926937528,External company site
2026-09-28 10:25:42,S&C Global Network - AI - Data Strategy - Analyst,Accenture,https://www.naukri.com/job-listings-s-c-global-network-ai-data-strategy-analyst-accenture-solutions-pvt-ltd-bengaluru-2-to-3-years-220926937528?src=directSearch&sid=17905910592721274&xp=15&px=3,External company site
2026-09-28 10:25:45,S&C Global Network - AI - Data Strategy - Analyst,Accenture,https://www.naukri.com/job-listings-s-c-global-network-ai-data-strategy-analyst-accenture-solutions-pvt-ltd-bengaluru-2-to-3-years-220926937204,External company site
2026-09-28 10:25:48,S&C Global Network - AI - Data Strategy - Analyst,Accenture,https://www.naukri.com/job-listings-s-c-global-network-ai-data-strategy-analyst-accenture-solutions-pvt-ltd-bengaluru-2-to-3-years-220926937204?src=directSearch&sid=17905910592721274&xp=16&px=3,External company site
2026-09-28 10:25:50,S&C Global Network - AI - Data Strategy - Analyst,Accenture,https://www.naukri.com/job-listings-s-c-global-network-ai-data-strategy-analyst-accenture-solutions-pvt-ltd-bengaluru-2-to-3-years-220926937203,External company site
2026-09-28 10:25:53,S&C Global Network - AI - Data Strategy - Analyst,Accenture,https://www.naukri.com/job-listings-s-c-global-network-ai-data-strategy-analyst-accenture-solutions-pvt-ltd-bengaluru-2-to-3-years-220926937203?src=directSearch&sid=17905910592721274&xp=17&px=3,External company site
2026-09-28 10:25:56,Network Operations Engineer II,Digitalocean,https://www.naukri.com/job-listings-network-operations-engineer-ii-digitalocean-inc-bengaluru-2-to-5-years-240926503196,External company site
2026-09-28 10:25:59,Network Operations Engineer II,Digitalocean,https://www.naukri.com/job-listings-network-operations-engineer-ii-digitalocean-inc-bengaluru-2-to-5-years-240926503196?src=directSearch&sid=17905910592721274&xp=18&px=3,External company site
2026-09-28 10:26:02,Data Engineer II,Nielsen Sports,https://www.naukri.com/job-listings-data-engineer-ii-nielsen-sports-bengaluru-2-to-5-years-250926502609,External company site
2026-09-28 10:26:05,Data Engineer II,Nielsen Sports,https://www.naukri.com/job-listings-data-engineer-ii-nielsen-sports-bengaluru-2-to-5-years-250926502609?src=directSearch&sid=17905910592721274&xp=19&px=3,External company site
2026-09-28 10:26:08,Security Test Engineer,Enphase Energy,https://www.naukri.com/job-listings-security-test-engineer-enphase-energy-bengaluru-2-to-4-years-210926502327,External company site
2026-09-28 10:26:11,Security Test Engineer,Enphase Energy,https://www.naukri.com/job-listings-security-test-engineer-enphase-energy-bengaluru-2-to-4-years-210926502327?src=directSearch&sid=17905910592721274&xp=20&px=3,External company site
2026-09-28 10:26:18,AI Software Engineer (Python/Java),Zimperium,https://www.naukri.com/job-listings-ai-software-engineer-python-java-zimperium-inc-bengaluru-1-to-6-years-190326502418,External company site
2026-09-28 10:26:21,AI Software Engineer (Python/Java),Zimperium,https://www.naukri.com/job-listings-ai-software-engineer-python-java-zimperium-inc-bengaluru-1-to-6-years-190326502418?src=directSearch&sid=17905911717897503&xp=4&px=4,External company site
2026-09-28 10:26:24,Full Stack Developer,Tech Stalwart Solution,https://www.naukri.com/job-listings-full-stack-developer-tech-stalwart-solution-private-limited-kolkata-mumbai-new-delhi-hyderabad-pune-chennai-bengaluru-0-to-3-years-040225508253,External company site
2026-09-28 10:26:27,Full Stack Developer,Tech Stalwart Solution,https://www.naukri.com/job-listings-full-stack-developer-tech-stalwart-solution-private-limited-kolkata-mumbai-new-delhi-hyderabad-pune-chennai-bengaluru-0-to-3-years-040225508253?src=directSearch&sid=17905911717897503&xp=6&px=4,External company site
2026-09-28 10:26:30,Software Engineer (Backend Engineer),Omnissa,https://www.naukri.com/job-listings-software-engineer-backend-engineer-omnissa-bengaluru-2-to-10-years-260626503123,External company site
2026-09-28 10:26:33,Software Engineer (Backend Engineer),Omnissa,https://www.naukri.com/job-listings-software-engineer-backend-engineer-omnissa-bengaluru-2-to-10-years-260626503123?src=directSearch&sid=17905911717897503&xp=8&px=4,External company site
2026-09-28 10:26:36,Staff Software Engineer (Infrastructure),Databricks,https://www.naukri.com/job-listings-staff-software-engineer-infrastructure-databricks-bengaluru-2-to-7-years-270226503247,External company site
2026-09-28 10:26:38,Staff Software Engineer (Infrastructure),Databricks,https://www.naukri.com/job-listings-staff-software-engineer-infrastructure-databricks-bengaluru-2-to-7-years-270226503247?src=directSearch&sid=17905911717897503&xp=9&px=4,External company site
2026-09-28 10:26:41,Staff Software Engineer,CBA Cross Border Associates,https://www.naukri.com/job-listings-staff-software-engineer-cba-cross-border-associates-bengaluru-2-to-5-years-170926503558,External company site
2026-09-28 10:26:44,Staff Software Engineer,CBA Cross Border Associates,https://www.naukri.com/job-listings-staff-software-engineer-cba-cross-border-associates-bengaluru-2-to-5-years-170926503558?src=directSearch&sid=17905911717897503&xp=10&px=4,External company site
2026-09-28 10:26:47,Software Development Engineer 1,WEX,https://www.naukri.com/job-listings-software-development-engineer-1-wex-inc-bengaluru-1-to-2-years-160926501619,External company site
2026-09-28 10:26:50,Software Development Engineer 1,WEX,https://www.naukri.com/job-listings-software-development-engineer-1-wex-inc-bengaluru-1-to-2-years-160926501619?src=directSearch&sid=17905911717897503&xp=11&px=4,External company site
2026-09-28 10:26:53,Infra Tech Support Practitioner,Accenture,https://www.naukri.com/job-listings-infra-tech-support-practitioner-accenture-solutions-pvt-ltd-bengaluru-1-to-3-years-180926926323,External company site
2026-09-28 10:26:56,Infra Tech Support Practitioner,Accenture,https://www.naukri.com/job-listings-infra-tech-support-practitioner-accenture-solutions-pvt-ltd-bengaluru-1-to-3-years-180926926323?src=directSearch&sid=17905911717897503&xp=12&px=4,External company site
2026-09-28 10:26:59,"Staff Software Engineer (Hybrid, Bangalore)",Apollo.io,https://www.naukri.com/job-listings-staff-software-engineer-hybrid-bangalore-apollo-io-bengaluru-2-to-6-years-180926501876,External company site
2026-09-28 10:27:02,"Staff Software Engineer (Hybrid, Bangalore)",Apollo.io,https://www.naukri.com/job-listings-staff-software-engineer-hybrid-bangalore-apollo-io-bengaluru-2-to-6-years-180926501876?src=directSearch&sid=17905911717897503&xp=13&px=4,External company site
2026-09-28 10:27:05,Engineer - Fixed Term Contract [12 Months],Deutsche Bank,https://www.naukri.com/job-listings-engineer-fixed-term-contract-12-months-deutsche-bank-bengaluru-1-to-2-years-180926500151,External company site
2026-09-28 10:27:08,Engineer - Fixed Term Contract [12 Months],Deutsche Bank,https://www.naukri.com/job-listings-engineer-fixed-term-contract-12-months-deutsche-bank-bengaluru-1-to-2-years-180926500151?src=directSearch&sid=17905911717897503&xp=14&px=4,External company site
2026-09-28 10:27:28,AI / ML Engineer,Accenture,https://www.naukri.com/job-listings-ai-ml-engineer-accenture-solutions-pvt-ltd-bengaluru-2-to-5-years-140926917931,External company site
2026-09-28 10:27:31,AI / ML Engineer,Accenture,https://www.naukri.com/job-listings-ai-ml-engineer-accenture-solutions-pvt-ltd-bengaluru-2-to-5-years-140926917931?src=directSearch&sid=17905911717897503&xp=16&px=4,External company site
2026-09-28 10:27:34,AI / ML Engineer,Accenture,https://www.naukri.com/job-listings-ai-ml-engineer-accenture-solutions-pvt-ltd-bengaluru-2-to-5-years-140926919016,External company site
2026-09-28 10:27:37,AI / ML Engineer,Accenture,https://www.naukri.com/job-listings-ai-ml-engineer-accenture-solutions-pvt-ltd-bengaluru-2-to-5-years-140926919016?src=directSearch&sid=17905911717897503&xp=17&px=4,External company site
2026-09-28 10:27:40,AI / ML Engineer,Accenture,https://www.naukri.com/job-listings-ai-ml-engineer-accenture-solutions-pvt-ltd-bengaluru-2-to-5-years-140926918342,External company site
2026-09-28 10:27:43,AI / ML Engineer,Accenture,https://www.naukri.com/job-listings-ai-ml-engineer-accenture-solutions-pvt-ltd-bengaluru-2-to-5-years-140926918342?src=directSearch&sid=17905911717897503&xp=18&px=4,External company site
2026-09-28 10:27:46,AI / ML Engineer,Accenture,https://www.naukri.com/job-listings-ai-ml-engineer-accenture-solutions-pvt-ltd-bengaluru-2-to-5-years-140926918167,External company site
2026-09-28 10:27:49,AI / ML Engineer,Accenture,https://www.naukri.com/job-listings-ai-ml-engineer-accenture-solutions-pvt-ltd-bengaluru-2-to-5-years-140926918167?src=directSearch&sid=17905911717897503&xp=19&px=4,External company site
2026-09-28 10:27:52,IT Engineer,Ema Unlimited,https://www.naukri.com/job-listings-it-engineer-ema-unlimited-bengaluru-0-to-2-years-180926501987,External company site
2026-09-28 10:27:55,IT Engineer,Ema Unlimited,https://www.naukri.com/job-listings-it-engineer-ema-unlimited-bengaluru-0-to-2-years-180926501987?src=directSearch&sid=17905911717897503&xp=20&px=4,External company site
2026-09-28 10:28:02,Site Reliability Engineer,Deutsche Bank,https://www.naukri.com/job-listings-site-reliability-engineer-deutsche-bank-bengaluru-0-to-5-years-160926501435,External company site
2026-09-28 10:28:05,Site Reliability Engineer,Deutsche Bank,https://www.naukri.com/job-listings-site-reliability-engineer-deutsche-bank-bengaluru-0-to-5-years-160926501435?src=directSearch&sid=17905912757304214&xp=1&px=5,External company site
2026-09-28 10:28:07,The Core Engineering-L2-Bengaluru-Associate-Software Engineering,Goldman Sachs,https://www.naukri.com/job-listings-the-core-engineering-l2-bengaluru-associate-software-engineering-goldman-sachs-bengaluru-2-to-5-years-310826502675,External company site
2026-09-28 10:28:10,The Core Engineering-L2-Bengaluru-Associate-Software Engineering,Goldman Sachs,https://www.naukri.com/job-listings-the-core-engineering-l2-bengaluru-associate-software-engineering-goldman-sachs-bengaluru-2-to-5-years-310826502675?src=directSearch&sid=17905912757304214&xp=3&px=5,External company site
2026-09-28 10:28:13,Data Scientist - Generative AI (LLM | RAG | Agentic AI),TVS Credit Services Ltd,https://www.naukri.com/job-listings-data-scientist-generative-ai-llm-rag-agentic-ai-tvs-credit-services-ltd-bengaluru-0-to-2-years-050826008794,No Apply button
2026-09-28 10:28:19,Data Scientist - Generative AI (LLM | RAG | Agentic AI),TVS Credit Services Ltd,https://www.naukri.com/job-listings-data-scientist-generative-ai-llm-rag-agentic-ai-tvs-credit-services-ltd-bengaluru-0-to-2-years-050826008794?src=directSearch&sid=17905912757304214&xp=5&px=5,No Apply button
2026-09-28 10:28:24,Software Engineer III - Forward Deployment Engineer (FDE),Pearson,https://www.naukri.com/job-listings-software-engineer-iii-forward-deployment-engineer-fde-pearson-bengaluru-1-to-3-years-140926503368,External company site
2026-09-28 10:28:26,Software Engineer III - Forward Deployment Engineer (FDE),Pearson,https://www.naukri.com/job-listings-software-engineer-iii-forward-deployment-engineer-fde-pearson-bengaluru-1-to-3-years-140926503368?src=directSearch&sid=17905912757304214&xp=6&px=5,External company site
2026-09-28 10:28:29,Software Development Engineer - 2,Coredgeio,https://www.naukri.com/job-listings-software-development-engineer-2-cor-edge-bengaluru-2-to-7-years-150926503325,External company site
2026-09-28 10:28:32,Software Development Engineer - 2,Coredgeio,https://www.naukri.com/job-listings-software-development-engineer-2-cor-edge-bengaluru-2-to-7-years-150926503325?src=directSearch&sid=17905912757304214&xp=7&px=5,External company site
2026-09-28 10:28:35,Staff Software Engineer,Pearson,https://www.naukri.com/job-listings-staff-software-engineer-pearson-bengaluru-1-to-4-years-140926503367,External company site
2026-09-28 10:28:38,Staff Software Engineer,Pearson,https://www.naukri.com/job-listings-staff-software-engineer-pearson-bengaluru-1-to-4-years-140926503367?src=directSearch&sid=17905912757304214&xp=8&px=5,External company site
2026-09-28 10:28:41,Engineer,Jugiter Technologies India,https://www.naukri.com/job-listings-engineer-knolskape-bengaluru-1-to-2-years-100325500787,External company site
2026-09-28 10:28:44,Engineer,Jugiter Technologies India,https://www.naukri.com/job-listings-engineer-knolskape-bengaluru-1-to-2-years-100325500787?src=directSearch&sid=17905912757304214&xp=9&px=5,External company site
2026-09-28 10:28:47,AI / ML Engineer,Accenture,https://www.naukri.com/job-listings-ai-ml-engineer-accenture-solutions-pvt-ltd-bengaluru-2-to-5-years-140926919370,External company site
2026-09-28 10:28:50,AI / ML Engineer,Accenture,https://www.naukri.com/job-listings-ai-ml-engineer-accenture-solutions-pvt-ltd-bengaluru-2-to-5-years-140926919370?src=directSearch&sid=17905912757304214&xp=10&px=5,External company site
2026-09-28 10:28:52,AI / ML Engineer,Accenture,https://www.naukri.com/job-listings-ai-ml-engineer-accenture-solutions-pvt-ltd-bengaluru-2-to-5-years-140926918993,External company site
2026-09-28 10:28:55,AI / ML Engineer,Accenture,https://www.naukri.com/job-listings-ai-ml-engineer-accenture-solutions-pvt-ltd-bengaluru-2-to-5-years-140926918993?src=directSearch&sid=17905912757304214&xp=11&px=5,External company site
2026-09-28 10:28:58,AI / ML Engineer,Accenture,https://www.naukri.com/job-listings-ai-ml-engineer-accenture-solutions-pvt-ltd-bengaluru-2-to-5-years-140926918625,External company site
2026-09-28 10:29:01,AI / ML Engineer,Accenture,https://www.naukri.com/job-listings-ai-ml-engineer-accenture-solutions-pvt-ltd-bengaluru-2-to-5-years-140926918625?src=directSearch&sid=17905912757304214&xp=12&px=5,External company site
2026-09-28 10:29:04,Senior Platform Engineer,CBA Cross Border Associates,https://www.naukri.com/job-listings-senior-platform-engineer-cba-cross-border-associates-bengaluru-2-to-6-years-310826504054,External company site
2026-09-28 10:29:07,Senior Platform Engineer,CBA Cross Border Associates,https://www.naukri.com/job-listings-senior-platform-engineer-cba-cross-border-associates-bengaluru-2-to-6-years-310826504054?src=directSearch&sid=17905912757304214&xp=13&px=5,External company site
2026-09-28 10:29:10,Senior Analyst,Merck,https://www.naukri.com/job-listings-senior-analyst-merck-group-bengaluru-2-to-10-years-180926501229,External company site
2026-09-28 10:29:13,Senior Analyst,Merck,https://www.naukri.com/job-listings-senior-analyst-merck-group-bengaluru-2-to-10-years-180926501229?src=directSearch&sid=17905912757304214&xp=14&px=5,External company site
2026-09-28 10:29:32,AI Infrastructure Architect,Accenture,https://www.naukri.com/job-listings-ai-infrastructure-architect-accenture-solutions-pvt-ltd-bengaluru-2-to-5-years-140926916473,External company site
2026-09-28 10:29:35,AI Infrastructure Architect,Accenture,https://www.naukri.com/job-listings-ai-infrastructure-architect-accenture-solutions-pvt-ltd-bengaluru-2-to-5-years-140926916473?src=directSearch&sid=17905912757304214&xp=16&px=5,External company site
2026-09-28 10:29:38,Application Security Engineer,Millennium Consulting,https://www.naukri.com/job-listings-application-security-engineer-millennium-consulting-india-private-limited-bengaluru-2-to-6-years-310826920721,External company site
2026-09-28 10:29:41,Application Security Engineer,Millennium Consulting,https://www.naukri.com/job-listings-application-security-engineer-millennium-consulting-india-private-limited-bengaluru-2-to-6-years-310826920721?src=directSearch&sid=17905912757304214&xp=17&px=5,External company site
2026-09-28 10:30:02,Custom Software Engineer,Accenture,https://www.naukri.com/job-listings-custom-software-engineer-accenture-solutions-pvt-ltd-bengaluru-2-to-5-years-140926917367,External company site
2026-09-28 10:30:05,Custom Software Engineer,Accenture,https://www.naukri.com/job-listings-custom-software-engineer-accenture-solutions-pvt-ltd-bengaluru-2-to-5-years-140926917367?src=directSearch&sid=17905912757304214&xp=19&px=5,External company site
2026-09-28 10:30:54,Dev Ops Engineer,Fathershops,https://www.naukri.com/job-listings-dev-ops-engineer-fathershops-remote-2-to-4-years-290425505038,External company site
2026-09-28 10:30:57,Dev Ops Engineer,Fathershops,https://www.naukri.com/job-listings-dev-ops-engineer-fathershops-remote-2-to-4-years-290425505038?src=directSearch&sid=17905914480478204&xp=1&px=1,External company site
2026-09-28 10:31:00,AWS DEVOPS ENGINEER,Balihans Software,https://www.naukri.com/job-listings-aws-devops-engineer-balihans-software-opc-private-limited-remote-2-to-4-years-190625503972,External company site
2026-09-28 10:31:03,AWS DEVOPS ENGINEER,Balihans Software,https://www.naukri.com/job-listings-aws-devops-engineer-balihans-software-opc-private-limited-remote-2-to-4-years-190625503972?src=directSearch&sid=17905914480478204&xp=2&px=1,External company site
2026-09-28 10:31:06,DevOps Engineer,Nanomindz Technologies,https://www.naukri.com/job-listings-devops-engineer-nanomindz-technologies-pvt-ltd-remote-2-to-4-years-240926503709,External company site
2026-09-28 10:31:08,DevOps Engineer,Nanomindz Technologies,https://www.naukri.com/job-listings-devops-engineer-nanomindz-technologies-pvt-ltd-remote-2-to-4-years-240926503709?src=directSearch&sid=17905914480478204&xp=5&px=1,External company site
2026-09-28 10:31:11,Senior DevOps Engineer,Opti,https://www.naukri.com/job-listings-senior-devops-engineer-opti-services-remote-2-to-4-years-210426502589,External company site
2026-09-28 10:31:14,Senior DevOps Engineer,Opti,https://www.naukri.com/job-listings-senior-devops-engineer-opti-services-remote-2-to-4-years-210426502589?src=directSearch&sid=17905914480478204&xp=6&px=1,External company site
2026-09-28 10:31:17,Dev Ops Engineer,Fathershops,https://www.naukri.com/job-listings-dev-ops-engineer-fathershops-remote-2-to-4-years-130525502990,External company site
2026-09-28 10:31:20,Dev Ops Engineer,Fathershops,https://www.naukri.com/job-listings-dev-ops-engineer-fathershops-remote-2-to-4-years-130525502990?src=directSearch&sid=17905914480478204&xp=7&px=1,External company site
2026-09-28 10:31:23,GCP DevOps Engineer / Cloud Infrastructure Specialist,Deeparc Tech,https://www.naukri.com/job-listings-gcp-devops-engineer-cloud-infrastructure-specialist-deeparc-tech-remote-2-to-5-years-200826502912,External company site
2026-09-28 10:31:26,GCP DevOps Engineer / Cloud Infrastructure Specialist,Deeparc Tech,https://www.naukri.com/job-listings-gcp-devops-engineer-cloud-infrastructure-specialist-deeparc-tech-remote-2-to-5-years-200826502912?src=directSearch&sid=17905914480478204&xp=8&px=1,External company site
2026-09-28 10:31:29,DevOps Engineer,Cito Techno,https://www.naukri.com/job-listings-devops-engineer-cito-techno-remote-2-to-5-years-270826504660,External company site
2026-09-28 10:31:32,DevOps Engineer,Cito Techno,https://www.naukri.com/job-listings-devops-engineer-cito-techno-remote-2-to-5-years-270826504660?src=directSearch&sid=17905914480478204&xp=9&px=1,External company site
2026-09-28 10:31:35,DevOps Engineer,"Innovativeai, Inc.",https://www.naukri.com/job-listings-devops-engineer-innovativeai-inc-remote-2-to-6-years-140726503973,External company site
2026-09-28 10:31:38,DevOps Engineer,"Innovativeai, Inc.",https://www.naukri.com/job-listings-devops-engineer-innovativeai-inc-remote-2-to-6-years-140726503973?src=directSearch&sid=17905914480478204&xp=10&px=1,External company site
2026-09-28 10:31:40,DevOps Engineer,Aampe,https://www.naukri.com/job-listings-devops-engineer-aampe-remote-2-to-6-years-140525503529,External company site
2026-09-28 10:31:43,DevOps Engineer,Aampe,https://www.naukri.com/job-listings-devops-engineer-aampe-remote-2-to-6-years-140525503529?src=directSearch&sid=17905914480478204&xp=11&px=1,External company site
2026-09-28 10:31:46,Cloud Engineer,Inceptory Technology,https://www.naukri.com/job-listings-cloud-engineer-inceptory-technology-private-limited-remote-2-to-5-years-240326503627,External company site
2026-09-28 10:31:49,Cloud Engineer,Inceptory Technology,https://www.naukri.com/job-listings-cloud-engineer-inceptory-technology-private-limited-remote-2-to-5-years-240326503627?src=directSearch&sid=17905914480478204&xp=12&px=1,External company site
2026-09-28 10:31:52,AWS Infrastructure Administrator / AWS Cloud Engineer,MNJ Software,https://www.naukri.com/job-listings-aws-infrastructure-administrator-aws-cloud-engineer-mnj-software-private-limited-remote-2-to-6-years-101122502452,External company site
2026-09-28 10:31:55,AWS Infrastructure Administrator / AWS Cloud Engineer,MNJ Software,https://www.naukri.com/job-listings-aws-infrastructure-administrator-aws-cloud-engineer-mnj-software-private-limited-remote-2-to-6-years-101122502452?src=directSearch&sid=17905914480478204&xp=13&px=1,External company site
2026-09-28 10:31:58,Fullstack Engineer,Huzzle,https://www.naukri.com/job-listings-fullstack-engineer-huzzle-remote-2-to-6-years-240926503530,External company site
2026-09-28 10:32:01,Fullstack Engineer,Huzzle,https://www.naukri.com/job-listings-fullstack-engineer-huzzle-remote-2-to-6-years-240926503530?src=directSearch&sid=17905914480478204&xp=14&px=1,External company site
2026-09-28 10:32:04,"Staff Engineer, Cloud",Nagarro,https://www.naukri.com/job-listings-staff-engineer-cloud-nagarro-software-pvt-ltd-remote-2-to-5-years-291025501203,External company site
2026-09-28 10:32:07,"Staff Engineer, Cloud",Nagarro,https://www.naukri.com/job-listings-staff-engineer-cloud-nagarro-software-pvt-ltd-remote-2-to-5-years-291025501203?src=directSearch&sid=17905914480478204&xp=15&px=1,External company site
2026-09-28 10:32:10,Software Development Engineer II (SDE II) - Full Stack - India,Gather Ai,https://www.naukri.com/job-listings-software-development-engineer-ii-sde-ii-full-stack-india-gather-ai-remote-2-to-5-years-220926502661,External company site
2026-09-28 10:32:13,Software Development Engineer II (SDE II) - Full Stack - India,Gather Ai,https://www.naukri.com/job-listings-software-development-engineer-ii-sde-ii-full-stack-india-gather-ai-remote-2-to-5-years-220926502661?src=directSearch&sid=17905914480478204&xp=16&px=1,External company site
2026-09-28 10:32:16,QA & Release Engineer,Mariadb,https://www.naukri.com/job-listings-qa-release-engineer-mariadb-plc-remote-2-to-6-years-100726510359,External company site
2026-09-28 10:32:19,QA & Release Engineer,Mariadb,https://www.naukri.com/job-listings-qa-release-engineer-mariadb-plc-remote-2-to-6-years-100726510359?src=directSearch&sid=17905914480478204&xp=17&px=1,External company site
2026-09-28 10:32:21,Knowledge Graph Engineer (AI),Emplay,https://www.naukri.com/job-listings-knowledge-graph-engineer-ai-emplay-analytics-remote-2-to-3-years-250926504290,External company site
2026-09-28 10:32:24,Knowledge Graph Engineer (AI),Emplay,https://www.naukri.com/job-listings-knowledge-graph-engineer-ai-emplay-analytics-remote-2-to-3-years-250926504290?src=directSearch&sid=17905914480478204&xp=18&px=1,External company site
2026-09-28 10:32:27,Data Engineer I,Netomi,https://www.naukri.com/job-listings-data-engineer-i-netomi-remote-2-to-7-years-220926502749,External company site
2026-09-28 10:32:30,Data Engineer I,Netomi,https://www.naukri.com/job-listings-data-engineer-i-netomi-remote-2-to-7-years-220926502749?src=directSearch&sid=17905914480478204&xp=19&px=1,External company site
2026-09-28 10:32:33,Senior Associate AI Engineer,Emplay,https://www.naukri.com/job-listings-senior-associate-ai-engineer-emplay-analytics-remote-2-to-3-years-250926504335,External company site
2026-09-28 10:32:36,Senior Associate AI Engineer,Emplay,https://www.naukri.com/job-listings-senior-associate-ai-engineer-emplay-analytics-remote-2-to-3-years-250926504335?src=directSearch&sid=17905914480478204&xp=20&px=1,External company site
2026-09-28 10:32:43,DevOps Intern,Webarclight,https://www.naukri.com/job-listings-devops-intern-webarclight-remote-0-to-3-years-071125501508,External company site
2026-09-28 10:32:46,DevOps Intern,Webarclight,https://www.naukri.com/job-listings-devops-intern-webarclight-remote-0-to-3-years-071125501508?src=directSearch&sid=1790591557327548&xp=1&px=2,External company site
2026-09-28 10:32:49,Devops Engineer,Qube Cinema,https://www.naukri.com/job-listings-devops-engineer-qube-cinema-remote-2-to-7-years-010426502223,External company site
2026-09-28 10:32:52,Devops Engineer,Qube Cinema,https://www.naukri.com/job-listings-devops-engineer-qube-cinema-remote-2-to-7-years-010426502223?src=directSearch&sid=1790591557327548&xp=2&px=2,External company site
2026-09-28 10:32:55,DevOps Engineer,Decipher Consultancy Services,https://www.naukri.com/job-listings-devops-engineer-decipher-consultancy-services-remote-2-to-4-years-240626505963,External company site
2026-09-28 10:32:58,DevOps Engineer,Decipher Consultancy Services,https://www.naukri.com/job-listings-devops-engineer-decipher-consultancy-services-remote-2-to-4-years-240626505963?src=directSearch&sid=1790591557327548&xp=3&px=2,External company site
2026-09-28 10:33:01,DevOps Engineer,Hruta Solutions,https://www.naukri.com/job-listings-devops-engineer-hureta-solutions-remote-2-to-5-years-120626505853,External company site
2026-09-28 10:33:03,DevOps Engineer,Hruta Solutions,https://www.naukri.com/job-listings-devops-engineer-hureta-solutions-remote-2-to-5-years-120626505853?src=directSearch&sid=1790591557327548&xp=4&px=2,External company site
2026-09-28 10:33:06,Cloud & DevOps Engineer,Workforce Next,https://www.naukri.com/job-listings-cloud-devops-engineer-workforce-next-remote-2-to-6-years-030926504830,External company site
2026-09-28 10:33:09,Cloud & DevOps Engineer,Workforce Next,https://www.naukri.com/job-listings-cloud-devops-engineer-workforce-next-remote-2-to-6-years-030926504830?src=directSearch&sid=1790591557327548&xp=6&px=2,External company site
2026-09-28 10:33:12,Site Reliability Engineer,Workiy Technologies,https://www.naukri.com/job-listings-site-reliability-engineer-workiy-inc-remote-1-to-4-years-120826505539,External company site
2026-09-28 10:33:15,Site Reliability Engineer,Workiy Technologies,https://www.naukri.com/job-listings-site-reliability-engineer-workiy-inc-remote-1-to-4-years-120826505539?src=directSearch&sid=1790591557327548&xp=7&px=2,External company site
2026-09-28 10:33:18,Tech Ops Engineer,Flexm,https://www.naukri.com/job-listings-tech-ops-engineer-flexm-remote-2-to-7-years-030726503889,External company site
2026-09-28 10:33:21,Tech Ops Engineer,Flexm,https://www.naukri.com/job-listings-tech-ops-engineer-flexm-remote-2-to-7-years-030726503889?src=directSearch&sid=1790591557327548&xp=8&px=2,External company site
2026-09-28 10:33:24,ELK Stack Admin,MNJ Software,https://www.naukri.com/job-listings-elk-stack-admin-mnj-software-private-limited-remote-2-to-3-years-101122502470,External company site
2026-09-28 10:33:27,ELK Stack Admin,MNJ Software,https://www.naukri.com/job-listings-elk-stack-admin-mnj-software-private-limited-remote-2-to-3-years-101122502470?src=directSearch&sid=1790591557327548&xp=9&px=2,External company site
2026-09-28 10:33:30,AWS Engineer,F6S Network,https://www.naukri.com/job-listings-aws-engineer-f6s-network-limited-remote-2-to-7-years-080426504320,External company site
2026-09-28 10:33:33,AWS Engineer,F6S Network,https://www.naukri.com/job-listings-aws-engineer-f6s-network-limited-remote-2-to-7-years-080426504320?src=directSearch&sid=1790591557327548&xp=10&px=2,External company site
2026-09-28 10:33:36,Web Backend Developer,Mindnotix,https://www.naukri.com/job-listings-web-backend-developer-mindnotix-remote-2-to-7-years-080926505752,External company site
2026-09-28 10:33:39,Web Backend Developer,Mindnotix,https://www.naukri.com/job-listings-web-backend-developer-mindnotix-remote-2-to-7-years-080926505752?src=directSearch&sid=1790591557327548&xp=11&px=2,External company site
2026-09-28 10:33:42,Full Stack Engineer,Cognifyr Co,https://www.naukri.com/job-listings-full-stack-engineer-cognifyr-co-remote-2-to-7-years-210426502426,External company site
2026-09-28 10:33:45,Full Stack Engineer,Cognifyr Co,https://www.naukri.com/job-listings-full-stack-engineer-cognifyr-co-remote-2-to-7-years-210426502426?src=directSearch&sid=1790591557327548&xp=12&px=2,External company site
2026-09-28 10:33:48,Software Development Engineer II - Conversations,Highlevel Llc,https://www.naukri.com/job-listings-software-development-engineer-ii-conversations-highlevel-remote-2-to-7-years-180926500681,External company site
2026-09-28 10:33:51,Software Development Engineer II - Conversations,Highlevel Llc,https://www.naukri.com/job-listings-software-development-engineer-ii-conversations-highlevel-remote-2-to-7-years-180926500681?src=directSearch&sid=1790591557327548&xp=13&px=2,External company site
2026-09-28 10:33:54,Operational Technology Engineer,Ahead,https://www.naukri.com/job-listings-operational-technology-engineer-thinkahead-remote-2-to-5-years-110826508696,External company site
2026-09-28 10:33:57,Operational Technology Engineer,Ahead,https://www.naukri.com/job-listings-operational-technology-engineer-thinkahead-remote-2-to-5-years-110826508696?src=directSearch&sid=1790591557327548&xp=14&px=2,External company site
2026-09-28 10:34:00,Senior or Staff Software Engineer,Writesonic,https://www.naukri.com/job-listings-senior-or-staff-software-engineer-writesonic-remote-2-to-7-years-150426501771,External company site
2026-09-28 10:34:03,Senior or Staff Software Engineer,Writesonic,https://www.naukri.com/job-listings-senior-or-staff-software-engineer-writesonic-remote-2-to-7-years-150426501771?src=directSearch&sid=1790591557327548&xp=15&px=2,External company site
2026-09-28 10:34:06,Sr Backend Engineer - Security Integrations,Apricot International,https://www.naukri.com/job-listings-sr-backend-engineer-security-integrations-apricot-international-remote-2-to-7-years-140926500609,External company site
2026-09-28 10:34:08,Sr Backend Engineer - Security Integrations,Apricot International,https://www.naukri.com/job-listings-sr-backend-engineer-security-integrations-apricot-international-remote-2-to-7-years-140926500609?src=directSearch&sid=1790591557327548&xp=16&px=2,External company site
2026-09-28 10:34:11,Full-Stack Developer,Flexday Solutions,https://www.naukri.com/job-listings-full-stack-developer-flexday-solutions-llc-remote-2-to-4-years-270826501841,External company site
2026-09-28 10:34:14,Full-Stack Developer,Flexday Solutions,https://www.naukri.com/job-listings-full-stack-developer-flexday-solutions-llc-remote-2-to-4-years-270826501841?src=directSearch&sid=1790591557327548&xp=18&px=2,External company site
2026-09-28 10:34:17,Customer Support Engineer - Endpoint/MTD (Device) & Cybersecurity,Zimperium,https://www.naukri.com/job-listings-customer-support-engineer-endpoint-mtd-device-cybersecurity-zimperium-inc-remote-1-to-3-years-120826505516,External company site
2026-09-28 10:34:20,Customer Support Engineer - Endpoint/MTD (Device) & Cybersecurity,Zimperium,https://www.naukri.com/job-listings-customer-support-engineer-endpoint-mtd-device-cybersecurity-zimperium-inc-remote-1-to-3-years-120826505516?src=directSearch&sid=1790591557327548&xp=19&px=2,External company site
2026-09-28 10:34:23,Data Craftsperson Professional,Incubyte Datatech,https://www.naukri.com/job-listings-data-craftsperson-professional-incubyte-remote-2-to-7-years-250826503340,External company site
2026-09-28 10:34:27,Data Craftsperson Professional,Incubyte Datatech,https://www.naukri.com/job-listings-data-craftsperson-professional-incubyte-remote-2-to-7-years-250826503340?src=directSearch&sid=1790591557327548&xp=20&px=2,External company site
2026-09-28 10:34:34,DevOps Engineer,Ticketgateway,https://www.naukri.com/job-listings-devops-engineer-ticketgateway-remote-2-to-6-years-220224501888,External company site
2026-09-28 10:34:37,DevOps Engineer,Ticketgateway,https://www.naukri.com/job-listings-devops-engineer-ticketgateway-remote-2-to-6-years-220224501888?src=directSearch&sid=17905916680437608&xp=1&px=3,External company site
2026-09-28 10:34:40,DevOps Engineer,NS Global Corporation,https://www.naukri.com/job-listings-devops-engineer-ns-global-corporation-remote-1-to-5-years-270326502334,External company site
2026-09-28 10:34:43,DevOps Engineer,NS Global Corporation,https://www.naukri.com/job-listings-devops-engineer-ns-global-corporation-remote-1-to-5-years-270326502334?src=directSearch&sid=17905916680437608&xp=2&px=3,External company site
2026-09-28 10:34:46,DevOps Engineer,Springworks,https://www.naukri.com/job-listings-devops-engineer-springworks-remote-2-to-7-years-200426502871,External company site
2026-09-28 10:34:49,DevOps Engineer,Springworks,https://www.naukri.com/job-listings-devops-engineer-springworks-remote-2-to-7-years-200426502871?src=directSearch&sid=17905916680437608&xp=3&px=3,External company site
2026-09-28 10:34:52,Python Developer - (Women Developers),Leegality,https://www.naukri.com/job-listings-python-developer-women-developers-leegality-remote-1-to-2-years-200325505276,External company site
2026-09-28 10:34:55,Python Developer - (Women Developers),Leegality,https://www.naukri.com/job-listings-python-developer-women-developers-leegality-remote-1-to-2-years-200325505276?src=directSearch&sid=17905916680437608&xp=4&px=3,External company site
2026-09-28 10:34:58,DevOps Engineer,Kyptronix,https://www.naukri.com/job-listings-devops-engineer-kyptronix-llp-remote-2-to-7-years-070926501210,External company site
2026-09-28 10:35:01,DevOps Engineer,Kyptronix,https://www.naukri.com/job-listings-devops-engineer-kyptronix-llp-remote-2-to-7-years-070926501210?src=directSearch&sid=17905916680437608&xp=5&px=3,External company site
2026-09-28 10:35:04,DevOps Engineer,Sparix Global,https://www.naukri.com/job-listings-devops-engineer-sparix-global-private-limited-remote-2-to-6-years-230626506784,External company site
2026-09-28 10:35:07,DevOps Engineer,Sparix Global,https://www.naukri.com/job-listings-devops-engineer-sparix-global-private-limited-remote-2-to-6-years-230626506784?src=directSearch&sid=17905916680437608&xp=6&px=3,External company site
2026-09-28 10:35:11,Cloud Engineer,Suzega,https://www.naukri.com/job-listings-cloud-engineer-suzega-remote-2-to-5-years-080926506005,External company site
2026-09-28 10:35:14,Cloud Engineer,Suzega,https://www.naukri.com/job-listings-cloud-engineer-suzega-remote-2-to-5-years-080926506005?src=directSearch&sid=17905916680437608&xp=7&px=3,External company site
2026-09-28 10:35:17,Backend Developer Node.js (NestJS),E-stone Information Technology,https://www.naukri.com/job-listings-backend-developer-node-js-nestjs-e-stone-information-technology-private-ltd-remote-2-to-7-years-080626500060,External company site
2026-09-28 10:35:20,Backend Developer Node.js (NestJS),E-stone Information Technology,https://www.naukri.com/job-listings-backend-developer-node-js-nestjs-e-stone-information-technology-private-ltd-remote-2-to-7-years-080626500060?src=directSearch&sid=17905916680437608&xp=8&px=3,External company site
2026-09-28 10:35:23,SDET Engineer,Chingari,https://www.naukri.com/job-listings-sdet-engineer-chingari-remote-1-to-4-years-280123500463,External company site
2026-09-28 10:35:25,SDET Engineer,Chingari,https://www.naukri.com/job-listings-sdet-engineer-chingari-remote-1-to-4-years-280123500463?src=directSearch&sid=17905916680437608&xp=9&px=3,External company site
2026-09-28 10:35:28,Splunk Engineer / Splunk Developer,Sparix Global,https://www.naukri.com/job-listings-splunk-engineer-splunk-developer-sparix-global-private-limited-remote-2-to-3-years-230626506887,External company site
2026-09-28 10:35:31,Splunk Engineer / Splunk Developer,Sparix Global,https://www.naukri.com/job-listings-splunk-engineer-splunk-developer-sparix-global-private-limited-remote-2-to-3-years-230626506887?src=directSearch&sid=17905916680437608&xp=10&px=3,External company site
2026-09-28 10:35:34,Software Engineer - I,H1 Life Sciences,https://www.naukri.com/job-listings-software-engineer-i-h1-remote-1-to-2-years-100926504204,External company site
2026-09-28 10:35:37,Software Engineer - I,H1 Life Sciences,https://www.naukri.com/job-listings-software-engineer-i-h1-remote-1-to-2-years-100926504204?src=directSearch&sid=17905916680437608&xp=11&px=3,External company site
2026-09-28 10:35:40,Machine Learning Engineer,Codersbay Technologies,https://www.naukri.com/job-listings-machine-learning-engineer-codersbay-technologies-remote-2-to-5-years-280825503404,External company site
2026-09-28 10:35:43,Machine Learning Engineer,Codersbay Technologies,https://www.naukri.com/job-listings-machine-learning-engineer-codersbay-technologies-remote-2-to-5-years-280825503404?src=directSearch&sid=17905916680437608&xp=12&px=3,External company site
2026-09-28 10:35:46,Agentic AI and GenAI Engineer,Sparix Global,https://www.naukri.com/job-listings-agentic-ai-and-genai-engineer-sparix-global-private-limited-remote-1-to-5-years-240426500940,External company site
2026-09-28 10:35:49,Agentic AI and GenAI Engineer,Sparix Global,https://www.naukri.com/job-listings-agentic-ai-and-genai-engineer-sparix-global-private-limited-remote-1-to-5-years-240426500940?src=directSearch&sid=17905916680437608&xp=13&px=3,External company site
2026-09-28 10:35:52,Developer Advocate,Drona Hq,https://www.naukri.com/job-listings-developer-advocate-drona-mobile-dronahq-remote-1-to-5-years-230125505562,External company site
2026-09-28 10:35:55,Developer Advocate,Drona Hq,https://www.naukri.com/job-listings-developer-advocate-drona-mobile-dronahq-remote-1-to-5-years-230125505562?src=directSearch&sid=17905916680437608&xp=14&px=3,External company site
2026-09-28 10:35:58,Senior Forward Deployed Engineer,Insentapp,https://www.naukri.com/job-listings-senior-forward-deployed-engineer-zoom-info-remote-1-to-4-years-290726500125,External company site
2026-09-28 10:36:01,Senior Forward Deployed Engineer,Insentapp,https://www.naukri.com/job-listings-senior-forward-deployed-engineer-zoom-info-remote-1-to-4-years-290726500125?src=directSearch&sid=17905916680437608&xp=15&px=3,External company site
2026-09-28 10:36:03,Agentic AI Engineer,Sparix Global,https://www.naukri.com/job-listings-agentic-ai-engineer-sparix-global-private-limited-remote-1-to-5-years-240426500921,External company site
2026-09-28 10:36:06,Agentic AI Engineer,Sparix Global,https://www.naukri.com/job-listings-agentic-ai-engineer-sparix-global-private-limited-remote-1-to-5-years-240426500921?src=directSearch&sid=17905916680437608&xp=16&px=3,External company site
2026-09-28 10:36:09,AI Automation Specialist (Claude & Accounting Workflows),Bamboo Works Noida,https://www.naukri.com/job-listings-ai-automation-specialist-claude-accounting-workflows-bamboo-works-remote-2-to-3-years-030726503919,External company site
2026-09-28 10:36:12,AI Automation Specialist (Claude & Accounting Workflows),Bamboo Works Noida,https://www.naukri.com/job-listings-ai-automation-specialist-claude-accounting-workflows-bamboo-works-remote-2-to-3-years-030726503919?src=directSearch&sid=17905916680437608&xp=17&px=3,External company site
2026-09-28 10:36:15,AI Automation Specialist (Claude & Accounting Workflows),Bamboo Works Noida,https://www.naukri.com/job-listings-ai-automation-specialist-claude-accounting-workflows-bamboo-works-remote-2-to-3-years-070726500936,External company site
2026-09-28 10:36:18,AI Automation Specialist (Claude & Accounting Workflows),Bamboo Works Noida,https://www.naukri.com/job-listings-ai-automation-specialist-claude-accounting-workflows-bamboo-works-remote-2-to-3-years-070726500936?src=directSearch&sid=17905916680437608&xp=18&px=3,External company site
2026-09-28 10:36:21,AI Automation Specialist (Claude & Accounting Workflows),Bamboo Works Noida,https://www.naukri.com/job-listings-ai-automation-specialist-claude-accounting-workflows-bamboo-works-remote-2-to-3-years-070726500940,External company site
2026-09-28 10:36:24,AI Automation Specialist (Claude & Accounting Workflows),Bamboo Works Noida,https://www.naukri.com/job-listings-ai-automation-specialist-claude-accounting-workflows-bamboo-works-remote-2-to-3-years-070726500940?src=directSearch&sid=17905916680437608&xp=19&px=3,External company site
2026-09-28 10:36:27,Offensive Security Engineer,Cloudwalk,https://www.naukri.com/job-listings-offensive-security-engineer-cloudwalk-remote-1-to-6-years-030926504806,External company site
2026-09-28 10:36:30,Offensive Security Engineer,Cloudwalk,https://www.naukri.com/job-listings-offensive-security-engineer-cloudwalk-remote-1-to-6-years-030926504806?src=directSearch&sid=17905916680437608&xp=20&px=3,External company site
2026-09-28 10:36:37,DevOps Engineer,Careplix,https://www.naukri.com/job-listings-devops-engineer-careplix-remote-2-to-5-years-130526500391,External company site
2026-09-28 10:36:40,DevOps Engineer,Careplix,https://www.naukri.com/job-listings-devops-engineer-careplix-remote-2-to-5-years-130526500391?src=directSearch&sid=17905917911668224&xp=1&px=4,External company site
2026-09-28 10:36:43,AWS Developer,Avestan Technologies,https://www.naukri.com/job-listings-aws-developer-avestan-technologies-remote-2-to-5-years-160524502691,External company site
2026-09-28 10:36:46,AWS Developer,Avestan Technologies,https://www.naukri.com/job-listings-aws-developer-avestan-technologies-remote-2-to-5-years-160524502691?src=directSearch&sid=17905917911668224&xp=3&px=4,External company site
2026-09-28 10:36:48,Backend Developer,Innocode Ventures,https://www.naukri.com/job-listings-backend-developer-innocode-ventures-remote-2-to-4-years-220926502801,External company site
2026-09-28 10:36:51,Backend Developer,Innocode Ventures,https://www.naukri.com/job-listings-backend-developer-innocode-ventures-remote-2-to-4-years-220926502801?src=directSearch&sid=17905917911668224&xp=4&px=4,External company site
2026-09-28 10:36:54,Databricks Data Engineer,Jyotirgamay Solutions,https://www.naukri.com/job-listings-databricks-data-engineer-jyotirgamay-solutions-pvt-ltd-remote-1-to-3-years-250926504332,External company site
2026-09-28 10:36:57,Databricks Data Engineer,Jyotirgamay Solutions,https://www.naukri.com/job-listings-databricks-data-engineer-jyotirgamay-solutions-pvt-ltd-remote-1-to-3-years-250926504332?src=directSearch&sid=17905917911668224&xp=5&px=4,External company site
2026-09-28 10:37:00,DevOps Trainer E-Learning Content Development,Tamil Nadu Advanced Technical Training Institute,https://www.naukri.com/job-listings-devops-trainer-e-learning-content-development-tamilnadu-advanced-technical-training-institute-remote-2-to-5-years-301025504252,External company site
2026-09-28 10:37:03,DevOps Trainer E-Learning Content Development,Tamil Nadu Advanced Technical Training Institute,https://www.naukri.com/job-listings-devops-trainer-e-learning-content-development-tamilnadu-advanced-technical-training-institute-remote-2-to-5-years-301025504252?src=directSearch&sid=17905917911668224&xp=6&px=4,External company site
2026-09-28 10:37:06,Database & Networking Engineer,Contezy Media,https://www.naukri.com/job-listings-database-networking-engineer-contezy-remote-1-to-5-years-231225501608,External company site
2026-09-28 10:37:09,Database & Networking Engineer,Contezy Media,https://www.naukri.com/job-listings-database-networking-engineer-contezy-remote-1-to-5-years-231225501608?src=directSearch&sid=17905917911668224&xp=7&px=4,External company site
2026-09-28 10:37:12,Test Automation Engineer AI Network & Observability Platform,Selector Ai,https://www.naukri.com/job-listings-test-automation-engineer-ai-network-observability-platform-selector-ai-remote-2-to-7-years-020626503166,External company site
2026-09-28 10:37:15,Test Automation Engineer AI Network & Observability Platform,Selector Ai,https://www.naukri.com/job-listings-test-automation-engineer-ai-network-observability-platform-selector-ai-remote-2-to-7-years-020626503166?src=directSearch&sid=17905917911668224&xp=8&px=4,External company site
2026-09-28 10:37:18,MEAN Stack Developer,Neweland Technologies,https://www.naukri.com/job-listings-mean-stack-developer-neweland-technologies-pvt-ltd-remote-2-to-4-years-270323502265,External company site
2026-09-28 10:37:20,MEAN Stack Developer,Neweland Technologies,https://www.naukri.com/job-listings-mean-stack-developer-neweland-technologies-pvt-ltd-remote-2-to-4-years-270323502265?src=directSearch&sid=17905917911668224&xp=9&px=4,External company site
2026-09-28 10:37:23,Software Engineer,Sadhana It Solutions,https://www.naukri.com/job-listings-software-engineer-sadhana-it-solutions-remote-2-to-4-years-090625500433,External company site
2026-09-28 10:37:26,Software Engineer,Sadhana It Solutions,https://www.naukri.com/job-listings-software-engineer-sadhana-it-solutions-remote-2-to-4-years-090625500433?src=directSearch&sid=17905917911668224&xp=10&px=4,External company site
2026-09-28 10:37:29,Forward-Deployed Engineer,Raymish Technology Solutions,https://www.naukri.com/job-listings-forward-deployed-engineer-raymish-technology-solutions-remote-1-to-4-years-230926503523,External company site
2026-09-28 10:37:32,Forward-Deployed Engineer,Raymish Technology Solutions,https://www.naukri.com/job-listings-forward-deployed-engineer-raymish-technology-solutions-remote-1-to-4-years-230926503523?src=directSearch&sid=17905917911668224&xp=11&px=4,External company site
2026-09-28 10:37:35,Freelance-Scientific Computing / Research Engineering Expert,Willware Technologies,https://www.naukri.com/job-listings-freelance-scientific-computing-research-engineering-expert-willware-technologies-private-limited-remote-0-to-5-years-240926503593,External company site
2026-09-28 10:37:38,Freelance-Scientific Computing / Research Engineering Expert,Willware Technologies,https://www.naukri.com/job-listings-freelance-scientific-computing-research-engineering-expert-willware-technologies-private-limited-remote-0-to-5-years-240926503593?src=directSearch&sid=17905917911668224&xp=12&px=4,External company site
2026-09-28 10:37:41,Full Stack Developer,Uplevyl,https://www.naukri.com/job-listings-full-stack-developer-uplevyl-remote-2-to-6-years-181125504038,External company site
2026-09-28 10:37:44,Full Stack Developer,Uplevyl,https://www.naukri.com/job-listings-full-stack-developer-uplevyl-remote-2-to-6-years-181125504038?src=directSearch&sid=17905917911668224&xp=13&px=4,External company site
2026-09-28 10:37:46,Agrowin Support & Developer,Foodchain Id,https://www.naukri.com/job-listings-agrowin-support-developer-cert-id-india-private-limited-remote-1-to-5-years-010626504521,External company site
2026-09-28 10:37:49,Agrowin Support & Developer,Foodchain Id,https://www.naukri.com/job-listings-agrowin-support-developer-cert-id-india-private-limited-remote-1-to-5-years-010626504521?src=directSearch&sid=17905917911668224&xp=14&px=4,External company site
2026-09-28 10:37:52,SF Data Cloud consultant,Dentsu Webchutney,https://www.naukri.com/job-listings-sf-data-cloud-consultant-dentsu-inc-remote-2-to-4-years-210926504146,External company site
2026-09-28 10:37:55,SF Data Cloud consultant,Dentsu Webchutney,https://www.naukri.com/job-listings-sf-data-cloud-consultant-dentsu-inc-remote-2-to-4-years-210926504146?src=directSearch&sid=17905917911668224&xp=15&px=4,External company site
2026-09-28 10:37:58,Bioinformatics Research Specialist (Python & AI),Gramian Consulting,https://www.naukri.com/job-listings-bioinformatics-research-specialist-python-ai-gramian-consulting-remote-1-to-4-years-230926503628,External company site
2026-09-28 10:38:01,Bioinformatics Research Specialist (Python & AI),Gramian Consulting,https://www.naukri.com/job-listings-bioinformatics-research-specialist-python-ai-gramian-consulting-remote-1-to-4-years-230926503628?src=directSearch&sid=17905917911668224&xp=16&px=4,External company site
2026-09-28 10:38:04,Cloud Solutions Architect,CTN India Services,https://www.naukri.com/job-listings-cloud-solutions-architect-ctn-india-services-private-limited-remote-2-to-7-years-180626506171,External company site
2026-09-28 10:38:07,Cloud Solutions Architect,CTN India Services,https://www.naukri.com/job-listings-cloud-solutions-architect-ctn-india-services-private-limited-remote-2-to-7-years-180626506171?src=directSearch&sid=17905917911668224&xp=17&px=4,External company site
2026-09-28 10:38:18,AI Automation Engineer - Work From Home - Females Preferred,Maxsource Technologies,https://www.naukri.com/job-listings-ai-automation-engineer-work-from-home-females-preferred-maxsource-technologies-remote-1-to-5-years-270826030710?src=directSearch&sid=17905917911668224&xp=18&px=4,No Apply button
2026-09-28 10:38:23,Agentic Life Science Expert (PPT),Willware Technologies,https://www.naukri.com/job-listings-agentic-life-science-expert-ppt-willware-technologies-private-limited-remote-0-to-5-years-240926503590,External company site
2026-09-28 10:38:26,Agentic Life Science Expert (PPT),Willware Technologies,https://www.naukri.com/job-listings-agentic-life-science-expert-ppt-willware-technologies-private-limited-remote-0-to-5-years-240926503590?src=directSearch&sid=17905917911668224&xp=19&px=4,External company site
2026-09-28 10:38:29,Adobe Experience Cloud Solutions Architect,Bhasaka Technologies,https://www.naukri.com/job-listings-adobe-experience-cloud-solutions-architect-bhasaka-technologies-pvt-ltd-remote-2-to-7-years-050526503546,External company site
2026-09-28 10:38:32,Adobe Experience Cloud Solutions Architect,Bhasaka Technologies,https://www.naukri.com/job-listings-adobe-experience-cloud-solutions-architect-bhasaka-technologies-pvt-ltd-remote-2-to-7-years-050526503546?src=directSearch&sid=17905917911668224&xp=20&px=4,External company site
2026-09-28 10:38:39,AI / ML Engineer,Vidyayatan Technologies,https://www.naukri.com/job-listings-ai-ml-engineer-vidyayatan-technologies-remote-1-to-5-years-250926500638,External company site
2026-09-28 10:38:42,AI / ML Engineer,Vidyayatan Technologies,https://www.naukri.com/job-listings-ai-ml-engineer-vidyayatan-technologies-remote-1-to-5-years-250926500638?src=directSearch&sid=17905919130735540&xp=1&px=5,External company site
2026-09-28 10:38:45,Software Engineer - Backend & AI Code Evaluation,Gramian Consulting,https://www.naukri.com/job-listings-software-engineer-backend-ai-code-evaluation-gramian-consulting-remote-1-to-3-years-240926503535,External company site
2026-09-28 10:38:48,Software Engineer - Backend & AI Code Evaluation,Gramian Consulting,https://www.naukri.com/job-listings-software-engineer-backend-ai-code-evaluation-gramian-consulting-remote-1-to-3-years-240926503535?src=directSearch&sid=17905919130735540&xp=2&px=5,External company site
2026-09-28 10:38:51,Full Stack Developer,Softoasis Technologies,https://www.naukri.com/job-listings-full-stack-developer-softoasis-technologies-remote-2-to-7-years-250926504215,External company site
2026-09-28 10:38:54,Full Stack Developer,Softoasis Technologies,https://www.naukri.com/job-listings-full-stack-developer-softoasis-technologies-remote-2-to-7-years-250926504215?src=directSearch&sid=17905919130735540&xp=3&px=5,External company site
2026-09-28 10:38:56,Backend Software Engineer - AI Training Projects,Gramian Consulting,https://www.naukri.com/job-listings-backend-software-engineer-ai-training-projects-gramian-consulting-remote-2-to-5-years-240926503531,External company site
2026-09-28 10:38:59,Backend Software Engineer - AI Training Projects,Gramian Consulting,https://www.naukri.com/job-listings-backend-software-engineer-ai-training-projects-gramian-consulting-remote-2-to-5-years-240926503531?src=directSearch&sid=17905919130735540&xp=4&px=5,External company site
2026-09-28 10:39:02,Software Developer,Loop Methods,https://www.naukri.com/job-listings-software-developer-loop-it-methods-private-limited-remote-2-to-7-years-250926504180,External company site
2026-09-28 10:39:05,Software Developer,Loop Methods,https://www.naukri.com/job-listings-software-developer-loop-it-methods-private-limited-remote-2-to-7-years-250926504180?src=directSearch&sid=17905919130735540&xp=5&px=5,External company site
2026-09-28 10:39:08,Senior Associate QA Engineer,Emplay,https://www.naukri.com/job-listings-senior-associate-qa-engineer-emplay-analytics-remote-2-to-3-years-250926504287,External company site
2026-09-28 10:39:11,Senior Associate QA Engineer,Emplay,https://www.naukri.com/job-listings-senior-associate-qa-engineer-emplay-analytics-remote-2-to-3-years-250926504287?src=directSearch&sid=17905919130735540&xp=6&px=5,External company site
2026-09-28 10:39:14,QA Automation Engineer,Vidyayatan Technologies,https://www.naukri.com/job-listings-qa-automation-engineer-vidyayatan-technologies-remote-2-to-5-years-250926500497,External company site
2026-09-28 10:39:17,QA Automation Engineer,Vidyayatan Technologies,https://www.naukri.com/job-listings-qa-automation-engineer-vidyayatan-technologies-remote-2-to-5-years-250926500497?src=directSearch&sid=17905919130735540&xp=7&px=5,External company site
2026-09-28 10:39:20,Scientific Computing / Research Engineering Expert - Engineering,Willware Technologies,https://www.naukri.com/job-listings-scientific-computing-research-engineering-expert-engineering-willware-technologies-private-limited-remote-0-to-5-years-240926504147,External company site
2026-09-28 10:39:23,Scientific Computing / Research Engineering Expert - Engineering,Willware Technologies,https://www.naukri.com/job-listings-scientific-computing-research-engineering-expert-engineering-willware-technologies-private-limited-remote-0-to-5-years-240926504147?src=directSearch&sid=17905919130735540&xp=8&px=5,External company site
2026-09-28 10:39:26,Software Engineer - SFCC,Ranosys Technologies,https://www.naukri.com/job-listings-software-engineer-sfcc-ranosys-technologies-pvt-ltd-remote-1-to-3-years-250926501614,External company site
2026-09-28 10:39:28,Software Engineer - SFCC,Ranosys Technologies,https://www.naukri.com/job-listings-software-engineer-sfcc-ranosys-technologies-pvt-ltd-remote-1-to-3-years-250926501614?src=directSearch&sid=17905919130735540&xp=9&px=5,External company site
2026-09-28 10:39:29,Java Spring Boot Engineer,Vidyayatan Technologies,https://www.naukri.com/job-listings-java-spring-boot-engineer-vidyayatan-technologies-remote-2-to-6-years-250926500763,"Excluded tech stack: Java, Spring"
2026-09-28 10:39:31,Full Stack Developer,iOceane,https://www.naukri.com/job-listings-full-stack-developer-ioceane-branding-services-remote-2-to-5-years-240926503706,External company site
2026-09-28 10:39:34,Full Stack Developer,iOceane,https://www.naukri.com/job-listings-full-stack-developer-ioceane-branding-services-remote-2-to-5-years-240926503706?src=directSearch&sid=17905919130735540&xp=11&px=5,External company site
2026-09-28 10:39:37,Member of Technical Staff,Swipelux,https://www.naukri.com/job-listings-member-of-technical-staff-swipelux-remote-1-to-4-years-240926503887,External company site
2026-09-28 10:39:40,Member of Technical Staff,Swipelux,https://www.naukri.com/job-listings-member-of-technical-staff-swipelux-remote-1-to-4-years-240926503887?src=directSearch&sid=17905919130735540&xp=12&px=5,External company site
2026-09-28 10:39:43,AI / Generative AI Engineer,Softoasis Technologies,https://www.naukri.com/job-listings-ai-generative-ai-engineer-softoasis-technologies-remote-2-to-7-years-250926504213,External company site
2026-09-28 10:39:46,AI / Generative AI Engineer,Softoasis Technologies,https://www.naukri.com/job-listings-ai-generative-ai-engineer-softoasis-technologies-remote-2-to-7-years-250926504213?src=directSearch&sid=17905919130735540&xp=13&px=5,External company site
2026-09-28 10:39:49,Scientific Coding Expert - Material science,Willware Technologies,https://www.naukri.com/job-listings-scientific-coding-expert-material-science-willware-technologies-private-limited-remote-1-to-10-years-240926503595,External company site
2026-09-28 10:39:52,Scientific Coding Expert - Material science,Willware Technologies,https://www.naukri.com/job-listings-scientific-coding-expert-material-science-willware-technologies-private-limited-remote-1-to-10-years-240926503595?src=directSearch&sid=17905919130735540&xp=14&px=5,External company site
2026-09-28 10:39:54,Scientific Coding Expert - Physics and Python,Willware Technologies,https://www.naukri.com/job-listings-scientific-coding-expert-physics-and-python-willware-technologies-private-limited-remote-1-to-10-years-240926503597,External company site
2026-09-28 10:39:57,Scientific Coding Expert - Physics and Python,Willware Technologies,https://www.naukri.com/job-listings-scientific-coding-expert-physics-and-python-willware-technologies-private-limited-remote-1-to-10-years-240926503597?src=directSearch&sid=17905919130735540&xp=15&px=5,External company site
2026-09-28 10:40:00,Scientific Python Research Specialist - Life Sciences,Gramian Consulting,https://www.naukri.com/job-listings-scientific-python-research-specialist-life-sciences-gramian-consulting-remote-2-to-5-years-240926503534,External company site
2026-09-28 10:40:03,Scientific Python Research Specialist - Life Sciences,Gramian Consulting,https://www.naukri.com/job-listings-scientific-python-research-specialist-life-sciences-gramian-consulting-remote-2-to-5-years-240926503534?src=directSearch&sid=17905919130735540&xp=16&px=5,External company site
2026-09-28 10:40:06,Community Manager- Algo Business,Delta Exchange,https://www.naukri.com/job-listings-community-manager-algo-business-delta-exchange-remote-1-to-3-years-250926504172,External company site
2026-09-28 10:40:09,Community Manager- Algo Business,Delta Exchange,https://www.naukri.com/job-listings-community-manager-algo-business-delta-exchange-remote-1-to-3-years-250926504172?src=directSearch&sid=17905919130735540&xp=17&px=5,External company site
2026-09-28 10:40:12,Scientific Coding Expert - Biology,Willware Technologies,https://www.naukri.com/job-listings-scientific-coding-expert-biology-willware-technologies-private-limited-remote-1-to-10-years-240926503594,External company site
2026-09-28 10:40:15,Scientific Coding Expert - Biology,Willware Technologies,https://www.naukri.com/job-listings-scientific-coding-expert-biology-willware-technologies-private-limited-remote-1-to-10-years-240926503594?src=directSearch&sid=17905919130735540&xp=18&px=5,External company site
2026-09-28 10:40:18,FREELANCE - Scientific Coding Expert - Chemistry,Willware Technologies,https://www.naukri.com/job-listings-freelance-scientific-coding-expert-chemistry-willware-technologies-private-limited-remote-1-to-10-years-240926503592,External company site
2026-09-28 10:40:21,FREELANCE - Scientific Coding Expert - Chemistry,Willware Technologies,https://www.naukri.com/job-listings-freelance-scientific-coding-expert-chemistry-willware-technologies-private-limited-remote-1-to-10-years-240926503592?src=directSearch&sid=17905919130735540&xp=19&px=5,External company site
2026-09-28 10:40:24,Scientific Coding Expert - Mathematics,Willware Technologies,https://www.naukri.com/job-listings-scientific-coding-expert-mathematics-willware-technologies-private-limited-remote-1-to-10-years-240926503596,External company site
2026-09-28 10:40:27,Scientific Coding Expert - Mathematics,Willware Technologies,https://www.naukri.com/job-listings-scientific-coding-expert-mathematics-willware-technologies-private-limited-remote-1-to-10-years-240926503596?src=directSearch&sid=17905919130735540&xp=20&px=5,External company site
