2026-09-11 14:34:06,"DevOps Engineer - CI/CD, Python, SAP BTP",Brigosha Technologies,https://www.naukri.com/job-listings-devops-engineer-ci-cd-python-sap-btp-brigosha-technologies-bengaluru-2-to-5-years-310826500904,External company site
2026-09-11 14:34:48,DevOps Engineer,Apcell Infotech,https://www.naukri.com/job-listings-devops-engineer-ap-cell-infotech-pvt-ltd-bengaluru-2-to-5-years-230626501496,External company site
2026-09-11 14:34:51,DevOps Engineer,Apcell Infotech,https://www.naukri.com/job-listings-devops-engineer-ap-cell-infotech-pvt-ltd-bengaluru-2-to-5-years-230626501496?src=directSearch&sid=17891174398367405&xp=5&px=1,External company site
2026-09-11 14:34:56,DevOps Engineer,Sigma Allied Services,https://www.naukri.com/job-listings-devops-engineer-sigma-allied-services-private-limited-bengaluru-2-to-6-years-200726500538,External company site
2026-09-11 14:34:58,DevOps Engineer,Sigma Allied Services,https://www.naukri.com/job-listings-devops-engineer-sigma-allied-services-private-limited-bengaluru-2-to-6-years-200726500538?src=directSearch&sid=17891174398367405&xp=6&px=1,External company site
2026-09-11 14:35:03,Devops Engineer,Coverself Technologies,https://www.naukri.com/job-listings-devops-engineer-coverself-technologies-bengaluru-0-to-6-years-030826504172,External company site
2026-09-11 14:35:06,Devops Engineer,Coverself Technologies,https://www.naukri.com/job-listings-devops-engineer-coverself-technologies-bengaluru-0-to-6-years-030826504172?src=directSearch&sid=17891174398367405&xp=7&px=1,External company site
2026-09-11 14:35:09,Devops Engineer(CI/CD),Telloquent,https://www.naukri.com/job-listings-devops-engineer-ci-cd-telloquent-solutions-bengaluru-2-to-5-years-221125501530,External company site
2026-09-11 14:35:12,Devops Engineer(CI/CD),Telloquent,https://www.naukri.com/job-listings-devops-engineer-ci-cd-telloquent-solutions-bengaluru-2-to-5-years-221125501530?src=directSearch&sid=17891174398367405&xp=8&px=1,External company site
2026-09-11 14:35:15,DevOps Engineer,Dautom,https://www.naukri.com/job-listings-devops-engineer-dautom-bengaluru-2-to-6-years-190224502108,External company site
2026-09-11 14:35:18,DevOps Engineer,Dautom,https://www.naukri.com/job-listings-devops-engineer-dautom-bengaluru-2-to-6-years-190224502108?src=directSearch&sid=17891174398367405&xp=9&px=1,External company site
2026-09-11 14:35:21,Devops Engineer,Coderound Ai,https://www.naukri.com/job-listings-devops-engineer-coderound-ai-bengaluru-2-to-4-years-110826503742,External company site
2026-09-11 14:35:24,Devops Engineer,Coderound Ai,https://www.naukri.com/job-listings-devops-engineer-coderound-ai-bengaluru-2-to-4-years-110826503742?src=directSearch&sid=17891174398367405&xp=10&px=1,External company site
2026-09-11 14:35:27,DevOps Engineer,Auric Ai Labs,https://www.naukri.com/job-listings-devops-engineer-auric-ai-labs-bengaluru-0-to-2-years-270726503954,External company site
2026-09-11 14:35:30,DevOps Engineer,Auric Ai Labs,https://www.naukri.com/job-listings-devops-engineer-auric-ai-labs-bengaluru-0-to-2-years-270726503954?src=directSearch&sid=17891174398367405&xp=11&px=1,External company site
2026-09-11 14:35:33,DevOps Engineer,Simreka,https://www.naukri.com/job-listings-devops-engineer-simreka-devtaar-gmbh-bengaluru-1-to-3-years-210126502943,External company site
2026-09-11 14:35:36,DevOps Engineer,Simreka,https://www.naukri.com/job-listings-devops-engineer-simreka-devtaar-gmbh-bengaluru-1-to-3-years-210126502943?src=directSearch&sid=17891174398367405&xp=12&px=1,External company site
2026-09-11 14:35:39,DevOps Engineer,Accenture,https://www.naukri.com/job-listings-devops-engineer-accenture-solutions-pvt-ltd-bengaluru-2-to-7-years-240826913938,External company site
2026-09-11 14:35:42,DevOps Engineer,Accenture,https://www.naukri.com/job-listings-devops-engineer-accenture-solutions-pvt-ltd-bengaluru-2-to-7-years-240826913938?src=directSearch&sid=17891174398367405&xp=13&px=1,External company site
2026-09-11 14:35:45,DevOps Engineer (ETS),Apple,https://www.naukri.com/job-listings-devops-engineer-ets-apple-india-pvt-ltd-bengaluru-1-to-10-years-090726506008,External company site
2026-09-11 14:35:48,DevOps Engineer (ETS),Apple,https://www.naukri.com/job-listings-devops-engineer-ets-apple-india-pvt-ltd-bengaluru-1-to-10-years-090726506008?src=directSearch&sid=17891174398367405&xp=14&px=1,External company site
2026-09-11 14:35:51,DevOps Engineer,Logic Planet,https://www.naukri.com/job-listings-devops-engineer-logicplanet-it-services-hubli-mangaluru-mysuru-bengaluru-belgaum-0-to-5-years-240226505123,External company site
2026-09-11 14:35:55,DevOps Engineer,Logic Planet,https://www.naukri.com/job-listings-devops-engineer-logicplanet-it-services-hubli-mangaluru-mysuru-bengaluru-belgaum-0-to-5-years-240226505123?src=directSearch&sid=17891174398367405&xp=15&px=1,External company site
2026-09-11 14:35:58,DevOps Engineer,Isarva Infotech,https://www.naukri.com/job-listings-devops-engineer-isarva-infotech-private-limited-bengaluru-2-to-5-years-240426501814,External company site
2026-09-11 14:36:01,DevOps Engineer,Isarva Infotech,https://www.naukri.com/job-listings-devops-engineer-isarva-infotech-private-limited-bengaluru-2-to-5-years-240426501814?src=directSearch&sid=17891174398367405&xp=16&px=1,External company site
2026-09-11 14:36:04,DEVOPS ENGINEER,Cloud Counselage,https://www.naukri.com/job-listings-devops-engineer-cloud-counselage-pvt-ltd-bengaluru-2-to-3-years-301225507904,External company site
2026-09-11 14:36:07,DEVOPS ENGINEER,Cloud Counselage,https://www.naukri.com/job-listings-devops-engineer-cloud-counselage-pvt-ltd-bengaluru-2-to-3-years-301225507904?src=directSearch&sid=17891174398367405&xp=17&px=1,External company site
2026-09-11 14:36:10,DevOps Engineer,ADA Global,https://www.naukri.com/job-listings-devops-engineer-ada-global-bengaluru-2-to-4-years-230726505595,External company site
2026-09-11 14:36:13,DevOps Engineer,ADA Global,https://www.naukri.com/job-listings-devops-engineer-ada-global-bengaluru-2-to-4-years-230726505595?src=directSearch&sid=17891174398367405&xp=18&px=1,External company site
2026-09-11 14:36:16,Devops Engineer,Shopdeck,https://www.naukri.com/job-listings-devops-engineer-shopdeck-previously-nushop-bengaluru-1-to-2-years-170226504679,External company site
2026-09-11 14:36:19,Devops Engineer,Shopdeck,https://www.naukri.com/job-listings-devops-engineer-shopdeck-previously-nushop-bengaluru-1-to-2-years-170226504679?src=directSearch&sid=17891174398367405&xp=19&px=1,External company site
2026-09-11 14:36:22,DevOps Engineer,Simeio Solutions,https://www.naukri.com/job-listings-devops-engineer-simeio-solutions-bengaluru-2-to-4-years-120226501573,External company site
2026-09-11 14:36:25,DevOps Engineer,Simeio Solutions,https://www.naukri.com/job-listings-devops-engineer-simeio-solutions-bengaluru-2-to-4-years-120226501573?src=directSearch&sid=17891174398367405&xp=20&px=1,External company site
2026-09-11 14:36:40,"DevOps Engineer,Pan India",Axel,https://www.naukri.com/job-listings-devops-engineer-pan-india-axel-remote-0-to-2-years-230921501409,External company site
2026-09-11 14:36:43,"DevOps Engineer,Pan India",Axel,https://www.naukri.com/job-listings-devops-engineer-pan-india-axel-remote-0-to-2-years-230921501409?src=directSearch&sid=17891175933542708&xp=1&px=1,External company site
2026-09-11 14:36:46,DevOps Engineer,Ticketgateway,https://www.naukri.com/job-listings-devops-engineer-ticketgateway-remote-2-to-6-years-220224501888,External company site
2026-09-11 14:36:49,DevOps Engineer,Ticketgateway,https://www.naukri.com/job-listings-devops-engineer-ticketgateway-remote-2-to-6-years-220224501888?src=directSearch&sid=17891175933542708&xp=2&px=1,External company site
2026-09-11 14:36:52,DevOps Engineer,Busigence Technologies,https://www.naukri.com/job-listings-devops-engineer-busigence-technologies-remote-0-to-2-years-220822501193,External company site
2026-09-11 14:36:55,DevOps Engineer,Busigence Technologies,https://www.naukri.com/job-listings-devops-engineer-busigence-technologies-remote-0-to-2-years-220822501193?src=directSearch&sid=17891175933542708&xp=3&px=1,External company site
2026-09-11 14:36:59,DEVOPS ENGINEER,Toolbox,https://www.naukri.com/job-listings-devops-engineer-toolbox-remote-1-to-6-years-030926504755,External company site
2026-09-11 14:37:02,DEVOPS ENGINEER,Toolbox,https://www.naukri.com/job-listings-devops-engineer-toolbox-remote-1-to-6-years-030926504755?src=directSearch&sid=17891175933542708&xp=4&px=1,External company site
2026-09-11 14:37:05,DevOps Engineer,NS Global Corporation,https://www.naukri.com/job-listings-devops-engineer-ns-global-corporation-remote-1-to-5-years-270326502334,External company site
2026-09-11 14:37:08,DevOps Engineer,NS Global Corporation,https://www.naukri.com/job-listings-devops-engineer-ns-global-corporation-remote-1-to-5-years-270326502334?src=directSearch&sid=17891175933542708&xp=5&px=1,External company site
2026-09-11 14:37:11,DevOps Engineer,Workiy Technologies,https://www.naukri.com/job-listings-devops-engineer-workiy-inc-remote-1-to-4-years-290626502628,External company site
2026-09-11 14:37:14,DevOps Engineer,Workiy Technologies,https://www.naukri.com/job-listings-devops-engineer-workiy-inc-remote-1-to-4-years-290626502628?src=directSearch&sid=17891175933542708&xp=6&px=1,External company site
2026-09-11 14:37:17,Dev Ops Engineer,Fathershops,https://www.naukri.com/job-listings-dev-ops-engineer-fathershops-remote-2-to-4-years-290425505038,External company site
2026-09-11 14:37:20,Dev Ops Engineer,Fathershops,https://www.naukri.com/job-listings-dev-ops-engineer-fathershops-remote-2-to-4-years-290425505038?src=directSearch&sid=17891175933542708&xp=7&px=1,External company site
2026-09-11 14:37:23,DevOps Engineer,Cloudgen Systems,https://www.naukri.com/job-listings-devops-engineer-cloudgen-system-pvt-ltd-remote-2-to-5-years-120826505918,External company site
2026-09-11 14:37:26,DevOps Engineer,Cloudgen Systems,https://www.naukri.com/job-listings-devops-engineer-cloudgen-system-pvt-ltd-remote-2-to-5-years-120826505918?src=directSearch&sid=17891175933542708&xp=8&px=1,External company site
2026-09-11 14:37:29,Devops Engineer,Qube Cinema,https://www.naukri.com/job-listings-devops-engineer-qube-cinema-remote-2-to-7-years-010426502223,External company site
2026-09-11 14:37:32,Devops Engineer,Qube Cinema,https://www.naukri.com/job-listings-devops-engineer-qube-cinema-remote-2-to-7-years-010426502223?src=directSearch&sid=17891175933542708&xp=9&px=1,External company site
2026-09-11 14:37:35,DevOps Engineer,Busigence Technologies,https://www.naukri.com/job-listings-devops-engineer-busigence-technologies-remote-1-to-4-years-240223501764,External company site
2026-09-11 14:37:38,DevOps Engineer,Busigence Technologies,https://www.naukri.com/job-listings-devops-engineer-busigence-technologies-remote-1-to-4-years-240223501764?src=directSearch&sid=17891175933542708&xp=10&px=1,External company site
2026-09-11 14:37:41,DevOps Engineer,Springworks,https://www.naukri.com/job-listings-devops-engineer-springworks-remote-2-to-7-years-200426502871,External company site
2026-09-11 14:37:44,DevOps Engineer,Springworks,https://www.naukri.com/job-listings-devops-engineer-springworks-remote-2-to-7-years-200426502871?src=directSearch&sid=17891175933542708&xp=11&px=1,External company site
2026-09-11 14:37:47,DevOps Engineer,Decipher Consultancy Services,https://www.naukri.com/job-listings-devops-engineer-decipher-consultancy-services-remote-2-to-4-years-240626505963,External company site
2026-09-11 14:37:51,DevOps Engineer,Decipher Consultancy Services,https://www.naukri.com/job-listings-devops-engineer-decipher-consultancy-services-remote-2-to-4-years-240626505963?src=directSearch&sid=17891175933542708&xp=12&px=1,External company site
2026-09-11 14:37:54,DevOps Engineer,Careplix,https://www.naukri.com/job-listings-devops-engineer-careplix-remote-2-to-5-years-130526500391,External company site
2026-09-11 14:37:57,DevOps Engineer,Careplix,https://www.naukri.com/job-listings-devops-engineer-careplix-remote-2-to-5-years-130526500391?src=directSearch&sid=17891175933542708&xp=13&px=1,External company site
2026-09-11 14:37:59,DevOps Engineer,Hruta Solutions,https://www.naukri.com/job-listings-devops-engineer-hureta-solutions-remote-2-to-5-years-120626505853,External company site
2026-09-11 14:38:02,DevOps Engineer,Hruta Solutions,https://www.naukri.com/job-listings-devops-engineer-hureta-solutions-remote-2-to-5-years-120626505853?src=directSearch&sid=17891175933542708&xp=14&px=1,External company site
2026-09-11 14:38:05,Dev Ops Engineer,Fathershops,https://www.naukri.com/job-listings-dev-ops-engineer-fathershops-remote-2-to-4-years-130525502990,External company site
2026-09-11 14:38:08,Dev Ops Engineer,Fathershops,https://www.naukri.com/job-listings-dev-ops-engineer-fathershops-remote-2-to-4-years-130525502990?src=directSearch&sid=17891175933542708&xp=15&px=1,External company site
2026-09-11 14:38:11,DevOps Engineer,"Innovativeai, Inc.",https://www.naukri.com/job-listings-devops-engineer-innovativeai-inc-remote-2-to-6-years-140726503973,External company site
2026-09-11 14:38:15,DevOps Engineer,"Innovativeai, Inc.",https://www.naukri.com/job-listings-devops-engineer-innovativeai-inc-remote-2-to-6-years-140726503973?src=directSearch&sid=17891175933542708&xp=16&px=1,External company site
2026-09-11 14:38:18,DevOps Engineer,Cito Techno,https://www.naukri.com/job-listings-devops-engineer-cito-techno-remote-2-to-5-years-270826504660,External company site
2026-09-11 14:38:21,DevOps Engineer,Cito Techno,https://www.naukri.com/job-listings-devops-engineer-cito-techno-remote-2-to-5-years-270826504660?src=directSearch&sid=17891175933542708&xp=17&px=1,External company site
2026-09-11 14:38:24,DevOps Engineer,Kyptronix,https://www.naukri.com/job-listings-devops-engineer-kyptronix-llp-remote-2-to-7-years-070926501210,External company site
2026-09-11 14:38:27,DevOps Engineer,Kyptronix,https://www.naukri.com/job-listings-devops-engineer-kyptronix-llp-remote-2-to-7-years-070926501210?src=directSearch&sid=17891175933542708&xp=18&px=1,External company site
2026-09-11 14:38:30,DevOps Engineer,Aampe,https://www.naukri.com/job-listings-devops-engineer-aampe-remote-2-to-6-years-140525503529,External company site
2026-09-11 14:38:33,DevOps Engineer,Aampe,https://www.naukri.com/job-listings-devops-engineer-aampe-remote-2-to-6-years-140525503529?src=directSearch&sid=17891175933542708&xp=19&px=1,External company site
2026-09-11 14:38:36,DevOps Engineer,Sparix Global,https://www.naukri.com/job-listings-devops-engineer-sparix-global-private-limited-remote-2-to-6-years-230626506784,External company site
2026-09-11 14:38:39,DevOps Engineer,Sparix Global,https://www.naukri.com/job-listings-devops-engineer-sparix-global-private-limited-remote-2-to-6-years-230626506784?src=directSearch&sid=17891175933542708&xp=20&px=1,External company site
2026-09-11 14:38:46,Backend Developer,Firstsense Technology,https://www.naukri.com/job-listings-backend-developer-first-sense-technology-bengaluru-1-to-3-years-080824500188,External company site
2026-09-11 14:38:49,Backend Developer,Firstsense Technology,https://www.naukri.com/job-listings-backend-developer-first-sense-technology-bengaluru-1-to-3-years-080824500188?src=directSearch&sid=17891177198666295&xp=1&px=1,External company site
2026-09-11 14:38:53,backend developer,Routematic,https://www.naukri.com/job-listings-backend-developer-routematic-bengaluru-0-to-3-years-121125500441,External company site
2026-09-11 14:38:56,backend developer,Routematic,https://www.naukri.com/job-listings-backend-developer-routematic-bengaluru-0-to-3-years-121125500441?src=directSearch&sid=17891177198666295&xp=2&px=1,External company site
2026-09-11 14:38:59,Backend Developer,Mitigata Insurance,https://www.naukri.com/job-listings-backend-developer-mitigata-bengaluru-1-to-2-years-230726500412,External company site
2026-09-11 14:39:02,Backend Developer,Mitigata Insurance,https://www.naukri.com/job-listings-backend-developer-mitigata-bengaluru-1-to-2-years-230726500412?src=directSearch&sid=17891177198666295&xp=3&px=1,External company site
2026-09-11 14:39:05,Java Backend Developer,Flairdeck,https://www.naukri.com/job-listings-java-backend-developer-flairdeck-hyderabad-bengaluru-1-to-4-years-100926503315,External company site
2026-09-11 14:39:08,Java Backend Developer,Flairdeck,https://www.naukri.com/job-listings-java-backend-developer-flairdeck-hyderabad-bengaluru-1-to-4-years-100926503315?src=directSearch&sid=17891177198666295&xp=4&px=1,External company site
2026-09-11 14:39:11,Backend Developer,Prodat It Solutions,https://www.naukri.com/job-listings-backend-developer-prodat-bengaluru-1-to-2-years-131125503842,External company site
2026-09-11 14:39:14,Backend Developer,Prodat It Solutions,https://www.naukri.com/job-listings-backend-developer-prodat-bengaluru-1-to-2-years-131125503842?src=directSearch&sid=17891177198666295&xp=5&px=1,External company site
2026-09-11 14:39:33,BACKEND DEVELOPER,Certum Ventures,https://www.naukri.com/job-listings-backend-developer-certum-ventures-pvt-ltd-bengaluru-1-to-3-years-121124502930,External company site
2026-09-11 14:39:36,BACKEND DEVELOPER,Certum Ventures,https://www.naukri.com/job-listings-backend-developer-certum-ventures-pvt-ltd-bengaluru-1-to-3-years-121124502930?src=directSearch&sid=17891177198666295&xp=7&px=1,External company site
2026-09-11 14:39:40,Backend Developer,Spring Edge,https://www.naukri.com/job-listings-backend-developer-spring-edge-bengaluru-1-to-3-years-030426505678,External company site
2026-09-11 14:39:43,Backend Developer,Spring Edge,https://www.naukri.com/job-listings-backend-developer-spring-edge-bengaluru-1-to-3-years-030426505678?src=directSearch&sid=17891177198666295&xp=8&px=1,External company site
2026-09-11 14:39:46,Backend Developer,Yugasys Software,https://www.naukri.com/job-listings-backend-developer-yugasys-software-bengaluru-1-to-4-years-161025501357,External company site
2026-09-11 14:39:49,Backend Developer,Yugasys Software,https://www.naukri.com/job-listings-backend-developer-yugasys-software-bengaluru-1-to-4-years-161025501357?src=directSearch&sid=17891177198666295&xp=9&px=1,External company site
2026-09-11 14:39:52,Backend Developer,Talent Anywhere,https://www.naukri.com/job-listings-backend-developer-talent-anywhere-bengaluru-1-to-4-years-181121500855,External company site
2026-09-11 14:39:55,Backend Developer,Talent Anywhere,https://www.naukri.com/job-listings-backend-developer-talent-anywhere-bengaluru-1-to-4-years-181121500855?src=directSearch&sid=17891177198666295&xp=10&px=1,External company site
2026-09-11 14:39:58,BACKEND DEVELOPER,Gforce Consulting Solutions,https://www.naukri.com/job-listings-backend-developer-gforce-consulting-solutions-bengaluru-1-to-4-years-080623501999,External company site
2026-09-11 14:40:01,BACKEND DEVELOPER,Gforce Consulting Solutions,https://www.naukri.com/job-listings-backend-developer-gforce-consulting-solutions-bengaluru-1-to-4-years-080623501999?src=directSearch&sid=17891177198666295&xp=11&px=1,External company site
2026-09-11 14:40:04,Developer Backend,Fanplay Iot,https://www.naukri.com/job-listings-developer-backend-fanplay-iot-bengaluru-2-to-4-years-161225500560,External company site
2026-09-11 14:40:07,Developer Backend,Fanplay Iot,https://www.naukri.com/job-listings-developer-backend-fanplay-iot-bengaluru-2-to-4-years-161225500560?src=directSearch&sid=17891177198666295&xp=12&px=1,External company site
2026-09-11 14:40:10,Backend Developer AI,eka.care,https://www.naukri.com/job-listings-backend-developer-ai-eka-care-bengaluru-2-to-4-years-280426501498,External company site
2026-09-11 14:40:13,Backend Developer AI,eka.care,https://www.naukri.com/job-listings-backend-developer-ai-eka-care-bengaluru-2-to-4-years-280426501498?src=directSearch&sid=17891177198666295&xp=13&px=1,External company site
2026-09-11 14:40:16,Backend Developer,Gnani Innovations,https://www.naukri.com/job-listings-backend-developer-gnani-innovations-bengaluru-2-to-7-years-310826503240,External company site
2026-09-11 14:40:19,Backend Developer,Gnani Innovations,https://www.naukri.com/job-listings-backend-developer-gnani-innovations-bengaluru-2-to-7-years-310826503240?src=directSearch&sid=17891177198666295&xp=14&px=1,External company site
2026-09-11 14:40:22,Backend Developer,Nysha Technologies,https://www.naukri.com/job-listings-backend-developer-nysha-technologies-bengaluru-2-to-7-years-211124507588,External company site
2026-09-11 14:40:25,Backend Developer,Nysha Technologies,https://www.naukri.com/job-listings-backend-developer-nysha-technologies-bengaluru-2-to-7-years-211124507588?src=directSearch&sid=17891177198666295&xp=15&px=1,External company site
2026-09-11 14:40:28,Backend Developer,ANH Engineering Services (ANHESPL),https://www.naukri.com/job-listings-backend-developer-anh-engineering-services-anhespl-noida-gurugram-bengaluru-0-to-4-years-100826004347,No Apply button
2026-09-11 14:40:38,Backend Developer,ANH Engineering Services (ANHESPL),https://www.naukri.com/job-listings-backend-developer-anh-engineering-services-anhespl-noida-gurugram-bengaluru-0-to-4-years-100826004347?src=directSearch&sid=17891177198666295&xp=16&px=1,No Apply button
2026-09-11 14:40:45,Backend Developers,Acme Services,https://www.naukri.com/job-listings-backend-developers-acme-services-bengaluru-1-to-5-years-210223503111,External company site
2026-09-11 14:40:48,Backend Developers,Acme Services,https://www.naukri.com/job-listings-backend-developers-acme-services-bengaluru-1-to-5-years-210223503111?src=directSearch&sid=17891177198666295&xp=17&px=1,External company site
2026-09-11 14:40:52,Offshore Backend Developer,Redolent,https://www.naukri.com/job-listings-offshore-backend-developer-redolent-inc-bengaluru-2-to-6-years-220726501199,External company site
2026-09-11 14:40:55,Offshore Backend Developer,Redolent,https://www.naukri.com/job-listings-offshore-backend-developer-redolent-inc-bengaluru-2-to-6-years-220726501199?src=directSearch&sid=17891177198666295&xp=18&px=1,External company site
2026-09-11 14:40:58,Backend Developer,Transverser Labs,https://www.naukri.com/job-listings-backend-developer-anglerfox-pvt-ltd-bengaluru-2-to-6-years-100826501179,External company site
2026-09-11 14:41:01,Backend Developer,Transverser Labs,https://www.naukri.com/job-listings-backend-developer-anglerfox-pvt-ltd-bengaluru-2-to-6-years-100826501179?src=directSearch&sid=17891177198666295&xp=19&px=1,External company site
2026-09-11 14:41:04,BTP + CAPM (Backend Developer),IBU Consulting,https://www.naukri.com/job-listings-btp-capm-backend-developer-ibu-consulting-bengaluru-1-to-4-years-090926502554,External company site
2026-09-11 14:41:07,BTP + CAPM (Backend Developer),IBU Consulting,https://www.naukri.com/job-listings-btp-capm-backend-developer-ibu-consulting-bengaluru-1-to-4-years-090926502554?src=directSearch&sid=17891177198666295&xp=20&px=1,External company site
2026-09-11 14:41:22,Backend Developer,True Choice,https://www.naukri.com/job-listings-backend-developer-true-choice-remote-1-to-3-years-221222500537,External company site
2026-09-11 14:41:25,Backend Developer,True Choice,https://www.naukri.com/job-listings-backend-developer-true-choice-remote-1-to-3-years-221222500537?src=directSearch&sid=17891178748142781&xp=1&px=1,External company site
2026-09-11 14:41:28,Backend Developer,Sunrays Image Technology,https://www.naukri.com/job-listings-backend-developer-sunrays-image-technology-private-limited-remote-1-to-3-years-251025505146,External company site
2026-09-11 14:41:31,Backend Developer,Sunrays Image Technology,https://www.naukri.com/job-listings-backend-developer-sunrays-image-technology-private-limited-remote-1-to-3-years-251025505146?src=directSearch&sid=17891178748142781&xp=2&px=1,External company site
2026-09-11 14:41:34,Backend Developer,Celestial Software Services,https://www.naukri.com/job-listings-backend-developer-celestial-software-services-llp-remote-0-to-3-years-150724501351,External company site
2026-09-11 14:41:37,Backend Developer,Celestial Software Services,https://www.naukri.com/job-listings-backend-developer-celestial-software-services-llp-remote-0-to-3-years-150724501351?src=directSearch&sid=17891178748142781&xp=3&px=1,External company site
2026-09-11 14:41:40,Python Backend Developer,BSH Technologies,https://www.naukri.com/job-listings-python-backend-developer-bsh-technologiesa-remote-1-to-4-years-210126502820,External company site
2026-09-11 14:41:43,Python Backend Developer,BSH Technologies,https://www.naukri.com/job-listings-python-backend-developer-bsh-technologiesa-remote-1-to-4-years-210126502820?src=directSearch&sid=17891178748142781&xp=4&px=1,External company site
2026-09-11 14:41:46,Backend Developer,Appsynergies,https://www.naukri.com/job-listings-backend-developer-appsynergies-remote-1-to-2-years-240723500124,External company site
2026-09-11 14:41:49,Backend Developer,Appsynergies,https://www.naukri.com/job-listings-backend-developer-appsynergies-remote-1-to-2-years-240723500124?src=directSearch&sid=17891178748142781&xp=5&px=1,External company site
2026-09-11 14:41:52,Backend Developer,Upstack,https://www.naukri.com/job-listings-backend-developer-upstack-remote-1-to-2-years-260724501088,External company site
2026-09-11 14:41:55,Backend Developer,Upstack,https://www.naukri.com/job-listings-backend-developer-upstack-remote-1-to-2-years-260724501088?src=directSearch&sid=17891178748142781&xp=6&px=1,External company site
2026-09-11 14:41:58,Backend Developer,Spherecode,https://www.naukri.com/job-listings-backend-developer-spherecode-pvt-ltd-remote-2-to-7-years-200426502106,External company site
2026-09-11 14:42:01,Backend Developer,Spherecode,https://www.naukri.com/job-listings-backend-developer-spherecode-pvt-ltd-remote-2-to-7-years-200426502106?src=directSearch&sid=17891178748142781&xp=7&px=1,External company site
2026-09-11 14:42:04,Python / Django Backend Developer,Superteams Ai,https://www.naukri.com/job-listings-python-django-backend-developer-superteams-ai-remote-2-to-7-years-100926504701,External company site
2026-09-11 14:42:07,Python / Django Backend Developer,Superteams Ai,https://www.naukri.com/job-listings-python-django-backend-developer-superteams-ai-remote-2-to-7-years-100926504701?src=directSearch&sid=17891178748142781&xp=8&px=1,External company site
2026-09-11 14:42:10,Backend Developer,Zype,https://www.naukri.com/job-listings-backend-developer-zype-remote-1-to-2-years-160922502513,External company site
2026-09-11 14:42:13,Backend Developer,Zype,https://www.naukri.com/job-listings-backend-developer-zype-remote-1-to-2-years-160922502513?src=directSearch&sid=17891178748142781&xp=9&px=1,External company site
2026-09-11 14:42:16,Backend Developer,Geek Instructor,https://www.naukri.com/job-listings-backend-developer-geek-instructor-remote-1-to-3-years-160626504130,External company site
2026-09-11 14:42:19,Backend Developer,Geek Instructor,https://www.naukri.com/job-listings-backend-developer-geek-instructor-remote-1-to-3-years-160626504130?src=directSearch&sid=17891178748142781&xp=10&px=1,External company site
2026-09-11 14:42:22,Backend Developer (MERN | PostgreSQL),Stacklab,https://www.naukri.com/job-listings-backend-developer-mern-postgresql-stacklab-in-remote-2-to-5-years-150626504417,External company site
2026-09-11 14:42:25,Backend Developer (MERN | PostgreSQL),Stacklab,https://www.naukri.com/job-listings-backend-developer-mern-postgresql-stacklab-in-remote-2-to-5-years-150626504417?src=directSearch&sid=17891178748142781&xp=11&px=1,External company site
2026-09-11 14:42:28,Backend Developer,Manbal.ai,https://www.naukri.com/job-listings-backend-developer-manbal-ai-remote-1-to-3-years-180526507490,External company site
2026-09-11 14:42:31,Backend Developer,Manbal.ai,https://www.naukri.com/job-listings-backend-developer-manbal-ai-remote-1-to-3-years-180526507490?src=directSearch&sid=17891178748142781&xp=12&px=1,External company site
2026-09-11 14:42:34,C# .NET Backend Developer,Relq Technologies,https://www.naukri.com/job-listings-c-net-backend-developer-relq-technologies-remote-1-to-3-years-081225505151,External company site
2026-09-11 14:42:37,C# .NET Backend Developer,Relq Technologies,https://www.naukri.com/job-listings-c-net-backend-developer-relq-technologies-remote-1-to-3-years-081225505151?src=directSearch&sid=17891178748142781&xp=13&px=1,External company site
2026-09-11 14:42:40,Web Backend Developer,Mindnotix,https://www.naukri.com/job-listings-web-backend-developer-mindnotix-remote-2-to-7-years-080926505752,External company site
2026-09-11 14:42:43,Web Backend Developer,Mindnotix,https://www.naukri.com/job-listings-web-backend-developer-mindnotix-remote-2-to-7-years-080926505752?src=directSearch&sid=17891178748142781&xp=14&px=1,External company site
2026-09-11 14:42:46,Senior Backend Developer,Neetable,https://www.naukri.com/job-listings-senior-backend-developer-neetable-remote-2-to-4-years-211124502932,External company site
2026-09-11 14:42:49,Senior Backend Developer,Neetable,https://www.naukri.com/job-listings-senior-backend-developer-neetable-remote-2-to-4-years-211124502932?src=directSearch&sid=17891178748142781&xp=15&px=1,External company site
2026-09-11 14:43:09,Backend Developer,Termgrid,https://www.naukri.com/job-listings-backend-developer-termgrid-remote-2-to-5-years-280526500399,External company site
2026-09-11 14:43:12,Backend Developer,Termgrid,https://www.naukri.com/job-listings-backend-developer-termgrid-remote-2-to-5-years-280526500399?src=directSearch&sid=17891178748142781&xp=17&px=1,External company site
2026-09-11 14:43:15,"Backend Developer, Pan India",iCresset Talent Solutions,https://www.naukri.com/job-listings-backend-developer-pan-india-icresset-talent-solutions-remote-2-to-4-years-131021501257,External company site
2026-09-11 14:43:18,"Backend Developer, Pan India",iCresset Talent Solutions,https://www.naukri.com/job-listings-backend-developer-pan-india-icresset-talent-solutions-remote-2-to-4-years-131021501257?src=directSearch&sid=17891178748142781&xp=18&px=1,External company site
2026-09-11 14:43:21,Backend Developer,Junky Tech,https://www.naukri.com/job-listings-backend-developer-junky-tech-india-private-limited-remote-2-to-5-years-190626504081,External company site
2026-09-11 14:43:24,Backend Developer,Junky Tech,https://www.naukri.com/job-listings-backend-developer-junky-tech-india-private-limited-remote-2-to-5-years-190626504081?src=directSearch&sid=17891178748142781&xp=19&px=1,External company site
2026-09-11 14:43:27,Backend developer,Androcid,https://www.naukri.com/job-listings-backend-developer-androcid-remote-2-to-7-years-160126503833,External company site
2026-09-11 14:43:30,Backend developer,Androcid,https://www.naukri.com/job-listings-backend-developer-androcid-remote-2-to-7-years-160126503833?src=directSearch&sid=17891178748142781&xp=20&px=1,External company site
2026-09-11 14:43:38,Software Engineer,Raad Systems,https://www.naukri.com/job-listings-software-engineer-raad-systems-private-limited-bengaluru-2-to-5-years-080926502036,External company site
2026-09-11 14:43:41,Software Engineer,Raad Systems,https://www.naukri.com/job-listings-software-engineer-raad-systems-private-limited-bengaluru-2-to-5-years-080926502036?src=directSearch&sid=17891180109974068&xp=1&px=1,External company site
2026-09-11 14:43:44,Software Engineer,Cisco,https://www.naukri.com/job-listings-software-engineer-cisco-bengaluru-2-to-4-years-180826504179,External company site
2026-09-11 14:43:47,Software Engineer,Cisco,https://www.naukri.com/job-listings-software-engineer-cisco-bengaluru-2-to-4-years-180826504179?src=directSearch&sid=17891180109974068&xp=2&px=1,External company site
2026-09-11 14:43:50,Software Engineer,Infinite,https://www.naukri.com/job-listings-software-engineer-infinite-computer-solutions-india-pvt-ltd-bengaluru-1-to-5-years-070826502241,External company site
2026-09-11 14:43:53,Software Engineer,Infinite,https://www.naukri.com/job-listings-software-engineer-infinite-computer-solutions-india-pvt-ltd-bengaluru-1-to-5-years-070826502241?src=directSearch&sid=17891180109974068&xp=3&px=1,External company site
2026-09-11 14:44:10,Custom Software Engineer,Accenture,https://www.naukri.com/job-listings-custom-software-engineer-accenture-solutions-pvt-ltd-bengaluru-2-to-5-years-110826932500,External company site
2026-09-11 14:44:13,Custom Software Engineer,Accenture,https://www.naukri.com/job-listings-custom-software-engineer-accenture-solutions-pvt-ltd-bengaluru-2-to-5-years-110826932500?src=directSearch&sid=17891180109974068&xp=5&px=1,External company site
2026-09-11 14:44:27,Software Engineer,Sparix Global,https://www.naukri.com/job-listings-software-engineer-sparix-global-private-limited-remote-1-to-4-years-240426500817,External company site
2026-09-11 14:44:30,Software Engineer,Sparix Global,https://www.naukri.com/job-listings-software-engineer-sparix-global-private-limited-remote-1-to-4-years-240426500817?src=directSearch&sid=17891180598399541&xp=1&px=1,External company site
2026-09-11 14:44:38,Python Developer,47billion,https://www.naukri.com/job-listings-python-developer-47-billion-information-technologies-private-limited-bengaluru-0-to-3-years-270726500368,External company site
2026-09-11 14:44:41,Python Developer,47billion,https://www.naukri.com/job-listings-python-developer-47-billion-information-technologies-private-limited-bengaluru-0-to-3-years-270726500368?src=directSearch&sid=1789118070882316&xp=1&px=1,External company site
2026-09-11 14:44:44,Python Developer,Webgo Software Labs,https://www.naukri.com/job-listings-python-developer-webgo-software-labs-bengaluru-0-to-2-years-151225501863,External company site
2026-09-11 14:44:47,Python Developer,Webgo Software Labs,https://www.naukri.com/job-listings-python-developer-webgo-software-labs-bengaluru-0-to-2-years-151225501863?src=directSearch&sid=1789118070882316&xp=2&px=1,External company site
2026-09-11 14:44:50,Python Developer,Appzlogic,https://www.naukri.com/job-listings-python-developer-appzlogic-mobility-solutions-pvt-ltd-kolkata-mumbai-new-delhi-hyderabad-pune-chennai-bengaluru-0-to-3-years-121124502854,External company site
2026-09-11 14:44:53,Python Developer,Appzlogic,https://www.naukri.com/job-listings-python-developer-appzlogic-mobility-solutions-pvt-ltd-kolkata-mumbai-new-delhi-hyderabad-pune-chennai-bengaluru-0-to-3-years-121124502854?src=directSearch&sid=1789118070882316&xp=3&px=1,External company site
2026-09-11 14:45:29,Python Developer,Mesprosoft,https://www.naukri.com/job-listings-python-developer-mesprosoft-bengaluru-1-to-6-years-240226505023,External company site
2026-09-11 14:45:32,Python Developer,Mesprosoft,https://www.naukri.com/job-listings-python-developer-mesprosoft-bengaluru-1-to-6-years-240226505023?src=directSearch&sid=1789118070882316&xp=6&px=1,External company site
2026-09-11 14:45:35,Python Developer,Quantumzyme,https://www.naukri.com/job-listings-python-developer-quantumzyme-bengaluru-2-to-5-years-030925502651,External company site
2026-09-11 14:45:38,Python Developer,Quantumzyme,https://www.naukri.com/job-listings-python-developer-quantumzyme-bengaluru-2-to-5-years-030925502651?src=directSearch&sid=1789118070882316&xp=7&px=1,External company site
2026-09-11 14:45:42,Python Developer,Nimblix Technologies,https://www.naukri.com/job-listings-python-developer-nimblix-technologies-bengaluru-2-to-5-years-170626501119,External company site
2026-09-11 14:45:44,Python Developer,Nimblix Technologies,https://www.naukri.com/job-listings-python-developer-nimblix-technologies-bengaluru-2-to-5-years-170626501119?src=directSearch&sid=1789118070882316&xp=8&px=1,External company site
2026-09-11 14:45:48,Python Developer,Calpion Software Technologies,https://www.naukri.com/job-listings-python-developer-calpion-software-technologies-private-ltd-bengaluru-2-to-5-years-201124501273,External company site
2026-09-11 14:45:51,Python Developer,Calpion Software Technologies,https://www.naukri.com/job-listings-python-developer-calpion-software-technologies-private-ltd-bengaluru-2-to-5-years-201124501273?src=directSearch&sid=1789118070882316&xp=9&px=1,External company site
2026-09-11 14:45:54,Python Developer,Ascent Cyber Solutions,https://www.naukri.com/job-listings-python-developer-ascent-cyber-solutions-bengaluru-2-to-6-years-160124500813,External company site
2026-09-11 14:45:57,Python Developer,Ascent Cyber Solutions,https://www.naukri.com/job-listings-python-developer-ascent-cyber-solutions-bengaluru-2-to-6-years-160124500813?src=directSearch&sid=1789118070882316&xp=10&px=1,External company site
2026-09-11 14:46:00,Python Developer,The It Mind Services,https://www.naukri.com/job-listings-python-developer-the-it-mind-bengaluru-2-to-5-years-100826501268,External company site
2026-09-11 14:46:03,Python Developer,The It Mind Services,https://www.naukri.com/job-listings-python-developer-the-it-mind-bengaluru-2-to-5-years-100826501268?src=directSearch&sid=1789118070882316&xp=11&px=1,External company site
2026-09-11 14:46:56,Python Developer,Codigo Technologies,https://www.naukri.com/job-listings-python-developer-codigo-world-bengaluru-2-to-7-years-081225501291,External company site
2026-09-11 14:46:59,Python Developer,Codigo Technologies,https://www.naukri.com/job-listings-python-developer-codigo-world-bengaluru-2-to-7-years-081225501291?src=directSearch&sid=1789118070882316&xp=15&px=1,External company site
2026-09-11 14:47:02,Python Developer,Tech Stalwart Solution,https://www.naukri.com/job-listings-python-developer-tech-stalwart-solution-private-limited-bengaluru-2-to-7-years-100625503044,External company site
2026-09-11 14:47:05,Python Developer,Tech Stalwart Solution,https://www.naukri.com/job-listings-python-developer-tech-stalwart-solution-private-limited-bengaluru-2-to-7-years-100625503044?src=directSearch&sid=1789118070882316&xp=16&px=1,External company site
2026-09-11 14:51:43,"DevOps Engineer - CI/CD, Python, SAP BTP",Brigosha Technologies,https://www.naukri.com/job-listings-devops-engineer-ci-cd-python-sap-btp-brigosha-technologies-bengaluru-2-to-5-years-310826500904,External company site
2026-09-11 14:51:46,"DevOps Engineer - CI/CD, Python, SAP BTP",Brigosha Technologies,https://www.naukri.com/job-listings-devops-engineer-ci-cd-python-sap-btp-brigosha-technologies-bengaluru-2-to-5-years-310826500904?src=directSearch&sid=17891184960352552&xp=1&px=1,External company site
2026-09-11 14:52:01,Devops Engineer,Infosys,https://www.naukri.com/job-listings-devops-engineer-infosys-limited-bengaluru-1-to-2-years-200826920692?src=directSearch&sid=17891184960352552&xp=2&px=1,No Apply button
2026-09-11 14:52:22,DevOps Engineer,Appscrip,https://www.naukri.com/job-listings-devops-engineer-appscrip-bengaluru-2-to-3-years-070926918040?src=directSearch&sid=17891184960352552&xp=3&px=1,No Apply button
2026-09-11 14:52:43,Devops Engineer (Git Hub Actions/Git Labs CICD),Infosys,https://www.naukri.com/job-listings-devops-engineer-git-hub-actions-git-labs-cicd-infosys-limited-bengaluru-2-to-6-years-180826942597?src=directSearch&sid=17891184960352552&xp=4&px=1,No Apply button
2026-09-11 14:52:50,DevOps Engineer,Apcell Infotech,https://www.naukri.com/job-listings-devops-engineer-ap-cell-infotech-pvt-ltd-bengaluru-2-to-5-years-230626501496,External company site
2026-09-11 14:52:53,DevOps Engineer,Apcell Infotech,https://www.naukri.com/job-listings-devops-engineer-ap-cell-infotech-pvt-ltd-bengaluru-2-to-5-years-230626501496?src=directSearch&sid=17891184960352552&xp=5&px=1,External company site
2026-09-11 14:52:56,DevOps Engineer,Sigma Allied Services,https://www.naukri.com/job-listings-devops-engineer-sigma-allied-services-private-limited-bengaluru-2-to-6-years-200726500538,External company site
2026-09-11 14:52:59,DevOps Engineer,Sigma Allied Services,https://www.naukri.com/job-listings-devops-engineer-sigma-allied-services-private-limited-bengaluru-2-to-6-years-200726500538?src=directSearch&sid=17891184960352552&xp=6&px=1,External company site
2026-09-11 14:53:02,Devops Engineer,Coverself Technologies,https://www.naukri.com/job-listings-devops-engineer-coverself-technologies-bengaluru-0-to-6-years-030826504172,External company site
2026-09-11 14:53:06,Devops Engineer,Coverself Technologies,https://www.naukri.com/job-listings-devops-engineer-coverself-technologies-bengaluru-0-to-6-years-030826504172?src=directSearch&sid=17891184960352552&xp=7&px=1,External company site
2026-09-11 14:53:09,Devops Engineer(CI/CD),Telloquent,https://www.naukri.com/job-listings-devops-engineer-ci-cd-telloquent-solutions-bengaluru-2-to-5-years-221125501530,External company site
2026-09-11 14:53:12,Devops Engineer(CI/CD),Telloquent,https://www.naukri.com/job-listings-devops-engineer-ci-cd-telloquent-solutions-bengaluru-2-to-5-years-221125501530?src=directSearch&sid=17891184960352552&xp=8&px=1,External company site
2026-09-11 14:53:15,DevOps Engineer,Dautom,https://www.naukri.com/job-listings-devops-engineer-dautom-bengaluru-2-to-6-years-190224502108,External company site
2026-09-11 14:53:18,DevOps Engineer,Dautom,https://www.naukri.com/job-listings-devops-engineer-dautom-bengaluru-2-to-6-years-190224502108?src=directSearch&sid=17891184960352552&xp=9&px=1,External company site
2026-09-11 14:53:21,Devops Engineer,Coderound Ai,https://www.naukri.com/job-listings-devops-engineer-coderound-ai-bengaluru-2-to-4-years-110826503742,External company site
2026-09-11 14:53:25,Devops Engineer,Coderound Ai,https://www.naukri.com/job-listings-devops-engineer-coderound-ai-bengaluru-2-to-4-years-110826503742?src=directSearch&sid=17891184960352552&xp=10&px=1,External company site
2026-09-11 14:53:28,DevOps Engineer,Auric Ai Labs,https://www.naukri.com/job-listings-devops-engineer-auric-ai-labs-bengaluru-0-to-2-years-270726503954,External company site
2026-09-11 14:53:31,DevOps Engineer,Auric Ai Labs,https://www.naukri.com/job-listings-devops-engineer-auric-ai-labs-bengaluru-0-to-2-years-270726503954?src=directSearch&sid=17891184960352552&xp=11&px=1,External company site
2026-09-11 14:53:34,DevOps Engineer,Simreka,https://www.naukri.com/job-listings-devops-engineer-simreka-devtaar-gmbh-bengaluru-1-to-3-years-210126502943,External company site
2026-09-11 14:53:37,DevOps Engineer,Simreka,https://www.naukri.com/job-listings-devops-engineer-simreka-devtaar-gmbh-bengaluru-1-to-3-years-210126502943?src=directSearch&sid=17891184960352552&xp=12&px=1,External company site
2026-09-11 14:53:40,DevOps Engineer,Accenture,https://www.naukri.com/job-listings-devops-engineer-accenture-solutions-pvt-ltd-bengaluru-2-to-7-years-240826913938,External company site
2026-09-11 14:53:43,DevOps Engineer,Accenture,https://www.naukri.com/job-listings-devops-engineer-accenture-solutions-pvt-ltd-bengaluru-2-to-7-years-240826913938?src=directSearch&sid=17891184960352552&xp=13&px=1,External company site
2026-09-11 14:53:46,DevOps Engineer (ETS),Apple,https://www.naukri.com/job-listings-devops-engineer-ets-apple-india-pvt-ltd-bengaluru-1-to-10-years-090726506008,External company site
2026-09-11 14:53:49,DevOps Engineer (ETS),Apple,https://www.naukri.com/job-listings-devops-engineer-ets-apple-india-pvt-ltd-bengaluru-1-to-10-years-090726506008?src=directSearch&sid=17891184960352552&xp=14&px=1,External company site
2026-09-11 14:53:52,DevOps Engineer,Logic Planet,https://www.naukri.com/job-listings-devops-engineer-logicplanet-it-services-hubli-mangaluru-mysuru-bengaluru-belgaum-0-to-5-years-240226505123,External company site
2026-09-11 14:53:55,DevOps Engineer,Logic Planet,https://www.naukri.com/job-listings-devops-engineer-logicplanet-it-services-hubli-mangaluru-mysuru-bengaluru-belgaum-0-to-5-years-240226505123?src=directSearch&sid=17891184960352552&xp=15&px=1,External company site
2026-09-11 14:53:59,DevOps Engineer,Isarva Infotech,https://www.naukri.com/job-listings-devops-engineer-isarva-infotech-private-limited-bengaluru-2-to-5-years-240426501814,External company site
2026-09-11 14:54:02,DevOps Engineer,Isarva Infotech,https://www.naukri.com/job-listings-devops-engineer-isarva-infotech-private-limited-bengaluru-2-to-5-years-240426501814?src=directSearch&sid=17891184960352552&xp=16&px=1,External company site
2026-09-11 14:54:05,DEVOPS ENGINEER,Cloud Counselage,https://www.naukri.com/job-listings-devops-engineer-cloud-counselage-pvt-ltd-bengaluru-2-to-3-years-301225507904,External company site
2026-09-11 14:54:08,DEVOPS ENGINEER,Cloud Counselage,https://www.naukri.com/job-listings-devops-engineer-cloud-counselage-pvt-ltd-bengaluru-2-to-3-years-301225507904?src=directSearch&sid=17891184960352552&xp=17&px=1,External company site
2026-09-11 14:54:11,DevOps Engineer,ADA Global,https://www.naukri.com/job-listings-devops-engineer-ada-global-bengaluru-2-to-4-years-230726505595,External company site
2026-09-11 14:54:14,DevOps Engineer,ADA Global,https://www.naukri.com/job-listings-devops-engineer-ada-global-bengaluru-2-to-4-years-230726505595?src=directSearch&sid=17891184960352552&xp=18&px=1,External company site
2026-09-11 14:54:17,Devops Engineer,Shopdeck,https://www.naukri.com/job-listings-devops-engineer-shopdeck-previously-nushop-bengaluru-1-to-2-years-170226504679,External company site
2026-09-11 14:54:20,Devops Engineer,Shopdeck,https://www.naukri.com/job-listings-devops-engineer-shopdeck-previously-nushop-bengaluru-1-to-2-years-170226504679?src=directSearch&sid=17891184960352552&xp=19&px=1,External company site
2026-09-11 14:54:23,DevOps Engineer,Simeio Solutions,https://www.naukri.com/job-listings-devops-engineer-simeio-solutions-bengaluru-2-to-4-years-120226501573,External company site
2026-09-11 14:54:33,DevOps Engineer,Gridraster India,https://www.naukri.com/job-listings-devops-engineer-gridraster-india-bengaluru-2-to-7-years-060723501158,External company site
2026-09-11 14:54:36,IAM DevOps Engineer,Transtrack Aeroservices,https://www.naukri.com/job-listings-iam-devops-engineer-transtrack-aeroservices-private-limited-bengaluru-2-to-6-years-270726500724,External company site
2026-09-11 14:54:39,DevOps Engineer,Accenture,https://www.naukri.com/job-listings-devops-engineer-accenture-solutions-pvt-ltd-bengaluru-2-to-5-years-200826932983,External company site
2026-09-11 14:54:46,"DevOps Engineer,Pan India",Axel,https://www.naukri.com/job-listings-devops-engineer-pan-india-axel-remote-0-to-2-years-230921501409,External company site
2026-09-11 14:54:49,"DevOps Engineer,Pan India",Axel,https://www.naukri.com/job-listings-devops-engineer-pan-india-axel-remote-0-to-2-years-230921501409?src=directSearch&sid=17891186796006676&xp=1&px=1,External company site
2026-09-11 14:54:52,DevOps Engineer,Ticketgateway,https://www.naukri.com/job-listings-devops-engineer-ticketgateway-remote-2-to-6-years-220224501888,External company site
2026-09-11 14:54:56,DevOps Engineer,Ticketgateway,https://www.naukri.com/job-listings-devops-engineer-ticketgateway-remote-2-to-6-years-220224501888?src=directSearch&sid=17891186796006676&xp=2&px=1,External company site
2026-09-11 14:54:59,DevOps Engineer,Busigence Technologies,https://www.naukri.com/job-listings-devops-engineer-busigence-technologies-remote-0-to-2-years-220822501193,External company site
2026-09-11 14:55:02,DevOps Engineer,Busigence Technologies,https://www.naukri.com/job-listings-devops-engineer-busigence-technologies-remote-0-to-2-years-220822501193?src=directSearch&sid=17891186796006676&xp=3&px=1,External company site
2026-09-11 14:55:05,DEVOPS ENGINEER,Toolbox,https://www.naukri.com/job-listings-devops-engineer-toolbox-remote-1-to-6-years-030926504755,External company site
2026-09-11 14:55:08,DevOps Engineer,NS Global Corporation,https://www.naukri.com/job-listings-devops-engineer-ns-global-corporation-remote-1-to-5-years-270326502334,External company site
2026-09-11 14:55:10,DevOps Engineer,NS Global Corporation,https://www.naukri.com/job-listings-devops-engineer-ns-global-corporation-remote-1-to-5-years-270326502334?src=directSearch&sid=17891186796006676&xp=5&px=1,External company site
2026-09-11 14:55:14,DevOps Engineer,Workiy Technologies,https://www.naukri.com/job-listings-devops-engineer-workiy-inc-remote-1-to-4-years-290626502628,External company site
2026-09-11 14:55:17,DevOps Engineer,Workiy Technologies,https://www.naukri.com/job-listings-devops-engineer-workiy-inc-remote-1-to-4-years-290626502628?src=directSearch&sid=17891186796006676&xp=6&px=1,External company site
2026-09-11 14:55:20,Dev Ops Engineer,Fathershops,https://www.naukri.com/job-listings-dev-ops-engineer-fathershops-remote-2-to-4-years-290425505038,External company site
2026-09-11 14:55:23,Dev Ops Engineer,Fathershops,https://www.naukri.com/job-listings-dev-ops-engineer-fathershops-remote-2-to-4-years-290425505038?src=directSearch&sid=17891186796006676&xp=7&px=1,External company site
2026-09-11 14:55:26,DevOps Engineer,Cloudgen Systems,https://www.naukri.com/job-listings-devops-engineer-cloudgen-system-pvt-ltd-remote-2-to-5-years-120826505918,External company site
2026-09-11 14:55:29,DevOps Engineer,Cloudgen Systems,https://www.naukri.com/job-listings-devops-engineer-cloudgen-system-pvt-ltd-remote-2-to-5-years-120826505918?src=directSearch&sid=17891186796006676&xp=8&px=1,External company site
2026-09-11 14:55:32,Devops Engineer,Qube Cinema,https://www.naukri.com/job-listings-devops-engineer-qube-cinema-remote-2-to-7-years-010426502223,External company site
2026-09-11 14:55:35,Devops Engineer,Qube Cinema,https://www.naukri.com/job-listings-devops-engineer-qube-cinema-remote-2-to-7-years-010426502223?src=directSearch&sid=17891186796006676&xp=9&px=1,External company site
2026-09-11 14:55:38,DevOps Engineer,Busigence Technologies,https://www.naukri.com/job-listings-devops-engineer-busigence-technologies-remote-1-to-4-years-240223501764,External company site
2026-09-11 14:55:41,DevOps Engineer,Busigence Technologies,https://www.naukri.com/job-listings-devops-engineer-busigence-technologies-remote-1-to-4-years-240223501764?src=directSearch&sid=17891186796006676&xp=10&px=1,External company site
2026-09-11 14:55:44,DevOps Engineer,Springworks,https://www.naukri.com/job-listings-devops-engineer-springworks-remote-2-to-7-years-200426502871,External company site
2026-09-11 14:55:47,DevOps Engineer,Springworks,https://www.naukri.com/job-listings-devops-engineer-springworks-remote-2-to-7-years-200426502871?src=directSearch&sid=17891186796006676&xp=11&px=1,External company site
2026-09-11 14:55:50,DevOps Engineer,Decipher Consultancy Services,https://www.naukri.com/job-listings-devops-engineer-decipher-consultancy-services-remote-2-to-4-years-240626505963,External company site
2026-09-11 14:55:54,DevOps Engineer,Decipher Consultancy Services,https://www.naukri.com/job-listings-devops-engineer-decipher-consultancy-services-remote-2-to-4-years-240626505963?src=directSearch&sid=17891186796006676&xp=12&px=1,External company site
2026-09-11 14:55:57,DevOps Engineer,Careplix,https://www.naukri.com/job-listings-devops-engineer-careplix-remote-2-to-5-years-130526500391,External company site
2026-09-11 14:56:00,DevOps Engineer,Careplix,https://www.naukri.com/job-listings-devops-engineer-careplix-remote-2-to-5-years-130526500391?src=directSearch&sid=17891186796006676&xp=13&px=1,External company site
2026-09-11 14:56:04,DevOps Engineer,Hruta Solutions,https://www.naukri.com/job-listings-devops-engineer-hureta-solutions-remote-2-to-5-years-120626505853,External company site
2026-09-11 14:56:06,Backend Developer,Firstsense Technology,https://www.naukri.com/job-listings-backend-developer-first-sense-technology-bengaluru-1-to-3-years-080824500188,External company site
2026-09-11 14:56:07,DevOps Engineer,Hruta Solutions,https://www.naukri.com/job-listings-devops-engineer-hureta-solutions-remote-2-to-5-years-120626505853?src=directSearch&sid=17891186796006676&xp=14&px=1,External company site
2026-09-11 14:56:09,Backend Developer,Firstsense Technology,https://www.naukri.com/job-listings-backend-developer-first-sense-technology-bengaluru-1-to-3-years-080824500188?src=directSearch&sid=17891187597118912&xp=1&px=1,External company site
2026-09-11 14:56:10,Dev Ops Engineer,Fathershops,https://www.naukri.com/job-listings-dev-ops-engineer-fathershops-remote-2-to-4-years-130525502990,External company site
2026-09-11 14:56:12,backend developer,Routematic,https://www.naukri.com/job-listings-backend-developer-routematic-bengaluru-0-to-3-years-121125500441,External company site
2026-09-11 14:56:14,Dev Ops Engineer,Fathershops,https://www.naukri.com/job-listings-dev-ops-engineer-fathershops-remote-2-to-4-years-130525502990?src=directSearch&sid=17891186796006676&xp=15&px=1,External company site
2026-09-11 14:56:15,backend developer,Routematic,https://www.naukri.com/job-listings-backend-developer-routematic-bengaluru-0-to-3-years-121125500441?src=directSearch&sid=17891187597118912&xp=2&px=1,External company site
2026-09-11 14:56:17,DevOps Engineer,"Innovativeai, Inc.",https://www.naukri.com/job-listings-devops-engineer-innovativeai-inc-remote-2-to-6-years-140726503973,External company site
2026-09-11 14:56:19,Backend Developer,Mitigata Insurance,https://www.naukri.com/job-listings-backend-developer-mitigata-bengaluru-1-to-2-years-230726500412,External company site
2026-09-11 14:56:20,DevOps Engineer,"Innovativeai, Inc.",https://www.naukri.com/job-listings-devops-engineer-innovativeai-inc-remote-2-to-6-years-140726503973?src=directSearch&sid=17891186796006676&xp=16&px=1,External company site
2026-09-11 14:56:22,Backend Developer,Mitigata Insurance,https://www.naukri.com/job-listings-backend-developer-mitigata-bengaluru-1-to-2-years-230726500412?src=directSearch&sid=17891187597118912&xp=3&px=1,External company site
2026-09-11 14:56:24,DevOps Engineer,Cito Techno,https://www.naukri.com/job-listings-devops-engineer-cito-techno-remote-2-to-5-years-270826504660,External company site
2026-09-11 14:56:25,Java Backend Developer,Flairdeck,https://www.naukri.com/job-listings-java-backend-developer-flairdeck-hyderabad-bengaluru-1-to-4-years-100926503315,External company site
2026-09-11 14:56:27,DevOps Engineer,Cito Techno,https://www.naukri.com/job-listings-devops-engineer-cito-techno-remote-2-to-5-years-270826504660?src=directSearch&sid=17891186796006676&xp=17&px=1,External company site
2026-09-11 14:56:28,Java Backend Developer,Flairdeck,https://www.naukri.com/job-listings-java-backend-developer-flairdeck-hyderabad-bengaluru-1-to-4-years-100926503315?src=directSearch&sid=17891187597118912&xp=4&px=1,External company site
2026-09-11 14:56:30,DevOps Engineer,Kyptronix,https://www.naukri.com/job-listings-devops-engineer-kyptronix-llp-remote-2-to-7-years-070926501210,External company site
2026-09-11 14:56:31,Backend Developer,Prodat It Solutions,https://www.naukri.com/job-listings-backend-developer-prodat-bengaluru-1-to-2-years-131125503842,External company site
2026-09-11 14:56:33,DevOps Engineer,Kyptronix,https://www.naukri.com/job-listings-devops-engineer-kyptronix-llp-remote-2-to-7-years-070926501210?src=directSearch&sid=17891186796006676&xp=18&px=1,External company site
2026-09-11 14:56:34,Backend Developer,Prodat It Solutions,https://www.naukri.com/job-listings-backend-developer-prodat-bengaluru-1-to-2-years-131125503842?src=directSearch&sid=17891187597118912&xp=5&px=1,External company site
2026-09-11 14:56:36,DevOps Engineer,Aampe,https://www.naukri.com/job-listings-devops-engineer-aampe-remote-2-to-6-years-140525503529,External company site
2026-09-11 14:56:39,DevOps Engineer,Aampe,https://www.naukri.com/job-listings-devops-engineer-aampe-remote-2-to-6-years-140525503529?src=directSearch&sid=17891186796006676&xp=19&px=1,External company site
2026-09-11 14:56:42,DevOps Engineer,Sparix Global,https://www.naukri.com/job-listings-devops-engineer-sparix-global-private-limited-remote-2-to-6-years-230626506784,External company site
2026-09-11 14:56:46,DevOps Engineer,Sparix Global,https://www.naukri.com/job-listings-devops-engineer-sparix-global-private-limited-remote-2-to-6-years-230626506784?src=directSearch&sid=17891186796006676&xp=20&px=1,External company site
2026-09-11 14:56:53,BACKEND DEVELOPER,Certum Ventures,https://www.naukri.com/job-listings-backend-developer-certum-ventures-pvt-ltd-bengaluru-1-to-3-years-121124502930,External company site
2026-09-11 14:56:54,Backend Developer,Firstsense Technology,https://www.naukri.com/job-listings-backend-developer-first-sense-technology-bengaluru-1-to-3-years-080824500188,External company site
2026-09-11 14:56:56,BACKEND DEVELOPER,Certum Ventures,https://www.naukri.com/job-listings-backend-developer-certum-ventures-pvt-ltd-bengaluru-1-to-3-years-121124502930?src=directSearch&sid=17891187597118912&xp=7&px=1,External company site
2026-09-11 14:56:57,Backend Developer,Firstsense Technology,https://www.naukri.com/job-listings-backend-developer-first-sense-technology-bengaluru-1-to-3-years-080824500188?src=directSearch&sid=17891188067851046&xp=1&px=1,External company site
2026-09-11 14:56:59,Backend Developer,Spring Edge,https://www.naukri.com/job-listings-backend-developer-spring-edge-bengaluru-1-to-3-years-030426505678,External company site
2026-09-11 14:57:01,backend developer,Routematic,https://www.naukri.com/job-listings-backend-developer-routematic-bengaluru-0-to-3-years-121125500441,External company site
2026-09-11 14:57:02,Backend Developer,Spring Edge,https://www.naukri.com/job-listings-backend-developer-spring-edge-bengaluru-1-to-3-years-030426505678?src=directSearch&sid=17891187597118912&xp=8&px=1,External company site
2026-09-11 14:57:04,backend developer,Routematic,https://www.naukri.com/job-listings-backend-developer-routematic-bengaluru-0-to-3-years-121125500441?src=directSearch&sid=17891188067851046&xp=2&px=1,External company site
2026-09-11 14:57:05,Backend Developer,Yugasys Software,https://www.naukri.com/job-listings-backend-developer-yugasys-software-bengaluru-1-to-4-years-161025501357,External company site
2026-09-11 14:57:07,Backend Developer,Mitigata Insurance,https://www.naukri.com/job-listings-backend-developer-mitigata-bengaluru-1-to-2-years-230726500412,External company site
2026-09-11 14:57:08,Backend Developer,Yugasys Software,https://www.naukri.com/job-listings-backend-developer-yugasys-software-bengaluru-1-to-4-years-161025501357?src=directSearch&sid=17891187597118912&xp=9&px=1,External company site
2026-09-11 14:57:11,Backend Developer,Mitigata Insurance,https://www.naukri.com/job-listings-backend-developer-mitigata-bengaluru-1-to-2-years-230726500412?src=directSearch&sid=17891188067851046&xp=3&px=1,External company site
2026-09-11 14:57:11,Backend Developer,Talent Anywhere,https://www.naukri.com/job-listings-backend-developer-talent-anywhere-bengaluru-1-to-4-years-181121500855,External company site
2026-09-11 14:57:15,Java Backend Developer,Flairdeck,https://www.naukri.com/job-listings-java-backend-developer-flairdeck-hyderabad-bengaluru-1-to-4-years-100926503315,External company site
2026-09-11 14:57:15,Backend Developer,Talent Anywhere,https://www.naukri.com/job-listings-backend-developer-talent-anywhere-bengaluru-1-to-4-years-181121500855?src=directSearch&sid=17891187597118912&xp=10&px=1,External company site
2026-09-11 14:57:18,Java Backend Developer,Flairdeck,https://www.naukri.com/job-listings-java-backend-developer-flairdeck-hyderabad-bengaluru-1-to-4-years-100926503315?src=directSearch&sid=17891188067851046&xp=4&px=1,External company site
2026-09-11 14:57:18,BACKEND DEVELOPER,Gforce Consulting Solutions,https://www.naukri.com/job-listings-backend-developer-gforce-consulting-solutions-bengaluru-1-to-4-years-080623501999,External company site
2026-09-11 14:57:21,Backend Developer,Prodat It Solutions,https://www.naukri.com/job-listings-backend-developer-prodat-bengaluru-1-to-2-years-131125503842,External company site
2026-09-11 14:57:21,BACKEND DEVELOPER,Gforce Consulting Solutions,https://www.naukri.com/job-listings-backend-developer-gforce-consulting-solutions-bengaluru-1-to-4-years-080623501999?src=directSearch&sid=17891187597118912&xp=11&px=1,External company site
2026-09-11 14:57:24,Backend Developer,Prodat It Solutions,https://www.naukri.com/job-listings-backend-developer-prodat-bengaluru-1-to-2-years-131125503842?src=directSearch&sid=17891188067851046&xp=5&px=1,External company site
2026-09-11 14:57:24,Developer Backend,Fanplay Iot,https://www.naukri.com/job-listings-developer-backend-fanplay-iot-bengaluru-2-to-4-years-161225500560,External company site
2026-09-11 14:57:27,Developer Backend,Fanplay Iot,https://www.naukri.com/job-listings-developer-backend-fanplay-iot-bengaluru-2-to-4-years-161225500560?src=directSearch&sid=17891187597118912&xp=12&px=1,External company site
2026-09-11 14:57:30,Backend Developer AI,eka.care,https://www.naukri.com/job-listings-backend-developer-ai-eka-care-bengaluru-2-to-4-years-280426501498,External company site
2026-09-11 14:57:33,Backend Developer AI,eka.care,https://www.naukri.com/job-listings-backend-developer-ai-eka-care-bengaluru-2-to-4-years-280426501498?src=directSearch&sid=17891187597118912&xp=13&px=1,External company site
2026-09-11 14:57:37,Backend Developer,Gnani Innovations,https://www.naukri.com/job-listings-backend-developer-gnani-innovations-bengaluru-2-to-7-years-310826503240,External company site
2026-09-11 14:57:38,Dotnet Backend Developer,Capgemini,https://www.naukri.com/job-listings-dotnet-backend-developer-capgemini-technology-services-india-limited-bengaluru-0-to-5-years-020926927307?src=directSearch&sid=17891188067851046&xp=6&px=1,No Apply button
2026-09-11 14:57:40,Backend Developer,Gnani Innovations,https://www.naukri.com/job-listings-backend-developer-gnani-innovations-bengaluru-2-to-7-years-310826503240?src=directSearch&sid=17891187597118912&xp=14&px=1,External company site
2026-09-11 14:57:43,Backend Developer,Nysha Technologies,https://www.naukri.com/job-listings-backend-developer-nysha-technologies-bengaluru-2-to-7-years-211124507588,External company site
2026-09-11 14:57:46,Backend Developer,Nysha Technologies,https://www.naukri.com/job-listings-backend-developer-nysha-technologies-bengaluru-2-to-7-years-211124507588?src=directSearch&sid=17891187597118912&xp=15&px=1,External company site
2026-09-11 14:57:48,BACKEND DEVELOPER,Certum Ventures,https://www.naukri.com/job-listings-backend-developer-certum-ventures-pvt-ltd-bengaluru-1-to-3-years-121124502930,External company site
2026-09-11 14:57:49,Backend Developer,ANH Engineering Services (ANHESPL),https://www.naukri.com/job-listings-backend-developer-anh-engineering-services-anhespl-noida-gurugram-bengaluru-0-to-4-years-100826004347,No Apply button
2026-09-11 14:57:51,BACKEND DEVELOPER,Certum Ventures,https://www.naukri.com/job-listings-backend-developer-certum-ventures-pvt-ltd-bengaluru-1-to-3-years-121124502930?src=directSearch&sid=17891188067851046&xp=7&px=1,External company site
2026-09-11 14:57:54,Backend Developer,Spring Edge,https://www.naukri.com/job-listings-backend-developer-spring-edge-bengaluru-1-to-3-years-030426505678,External company site
2026-09-11 14:57:57,Backend Developer,Yugasys Software,https://www.naukri.com/job-listings-backend-developer-yugasys-software-bengaluru-1-to-4-years-161025501357,External company site
2026-09-11 14:58:00,Backend Developers,Acme Services,https://www.naukri.com/job-listings-backend-developers-acme-services-bengaluru-1-to-5-years-210223503111,External company site
2026-09-11 14:58:02,Backend Developer,Yugasys Software,https://www.naukri.com/job-listings-backend-developer-yugasys-software-bengaluru-1-to-4-years-161025501357?src=directSearch&sid=17891188067851046&xp=9&px=1,External company site
2026-09-11 14:58:03,Backend Developers,Acme Services,https://www.naukri.com/job-listings-backend-developers-acme-services-bengaluru-1-to-5-years-210223503111?src=directSearch&sid=17891187597118912&xp=17&px=1,External company site
2026-09-11 14:58:06,Backend Developer,Talent Anywhere,https://www.naukri.com/job-listings-backend-developer-talent-anywhere-bengaluru-1-to-4-years-181121500855,External company site
2026-09-11 14:58:07,Offshore Backend Developer,Redolent,https://www.naukri.com/job-listings-offshore-backend-developer-redolent-inc-bengaluru-2-to-6-years-220726501199,External company site
2026-09-11 14:58:09,Backend Developer,Talent Anywhere,https://www.naukri.com/job-listings-backend-developer-talent-anywhere-bengaluru-1-to-4-years-181121500855?src=directSearch&sid=17891188067851046&xp=10&px=1,External company site
2026-09-11 14:58:10,Offshore Backend Developer,Redolent,https://www.naukri.com/job-listings-offshore-backend-developer-redolent-inc-bengaluru-2-to-6-years-220726501199?src=directSearch&sid=17891187597118912&xp=18&px=1,External company site
2026-09-11 14:58:12,BACKEND DEVELOPER,Gforce Consulting Solutions,https://www.naukri.com/job-listings-backend-developer-gforce-consulting-solutions-bengaluru-1-to-4-years-080623501999,External company site
2026-09-11 14:58:14,Backend Developer,Transverser Labs,https://www.naukri.com/job-listings-backend-developer-anglerfox-pvt-ltd-bengaluru-2-to-6-years-100826501179,External company site
2026-09-11 14:58:15,BACKEND DEVELOPER,Gforce Consulting Solutions,https://www.naukri.com/job-listings-backend-developer-gforce-consulting-solutions-bengaluru-1-to-4-years-080623501999?src=directSearch&sid=17891188067851046&xp=11&px=1,External company site
2026-09-11 14:58:17,Backend Developer,Transverser Labs,https://www.naukri.com/job-listings-backend-developer-anglerfox-pvt-ltd-bengaluru-2-to-6-years-100826501179?src=directSearch&sid=17891187597118912&xp=19&px=1,External company site
2026-09-11 14:58:19,Developer Backend,Fanplay Iot,https://www.naukri.com/job-listings-developer-backend-fanplay-iot-bengaluru-2-to-4-years-161225500560,External company site
2026-09-11 14:58:20,BTP + CAPM (Backend Developer),IBU Consulting,https://www.naukri.com/job-listings-btp-capm-backend-developer-ibu-consulting-bengaluru-1-to-4-years-090926502554,External company site
2026-09-11 14:58:22,Developer Backend,Fanplay Iot,https://www.naukri.com/job-listings-developer-backend-fanplay-iot-bengaluru-2-to-4-years-161225500560?src=directSearch&sid=17891188067851046&xp=12&px=1,External company site
2026-09-11 14:58:24,BTP + CAPM (Backend Developer),IBU Consulting,https://www.naukri.com/job-listings-btp-capm-backend-developer-ibu-consulting-bengaluru-1-to-4-years-090926502554?src=directSearch&sid=17891187597118912&xp=20&px=1,External company site
2026-09-11 14:58:26,Backend Developer AI,eka.care,https://www.naukri.com/job-listings-backend-developer-ai-eka-care-bengaluru-2-to-4-years-280426501498,External company site
2026-09-11 14:58:30,Backend Developer AI,eka.care,https://www.naukri.com/job-listings-backend-developer-ai-eka-care-bengaluru-2-to-4-years-280426501498?src=directSearch&sid=17891188067851046&xp=13&px=1,External company site
2026-09-11 14:58:33,Backend Developer,Gnani Innovations,https://www.naukri.com/job-listings-backend-developer-gnani-innovations-bengaluru-2-to-7-years-310826503240,External company site
2026-09-11 14:58:35,Backend Developer,ITConnectUS,https://www.naukri.com/job-listings-backend-developer-itconnectus-inc-bengaluru-2-to-7-years-240726504364,External company site
2026-09-11 14:58:36,Backend Developer,Gnani Innovations,https://www.naukri.com/job-listings-backend-developer-gnani-innovations-bengaluru-2-to-7-years-310826503240?src=directSearch&sid=17891188067851046&xp=14&px=1,External company site
2026-09-11 14:58:38,Backend Developer,ITConnectUS,https://www.naukri.com/job-listings-backend-developer-itconnectus-inc-bengaluru-2-to-7-years-240726504364?src=directSearch&sid=17891189051711942&xp=20&px=1,External company site
2026-09-11 14:58:40,Backend Developer,Nysha Technologies,https://www.naukri.com/job-listings-backend-developer-nysha-technologies-bengaluru-2-to-7-years-211124507588,External company site
2026-09-11 14:58:43,Backend Developer,Nysha Technologies,https://www.naukri.com/job-listings-backend-developer-nysha-technologies-bengaluru-2-to-7-years-211124507588?src=directSearch&sid=17891188067851046&xp=15&px=1,External company site
2026-09-11 14:58:46,Backend Developer,ANH Engineering Services (ANHESPL),https://www.naukri.com/job-listings-backend-developer-anh-engineering-services-anhespl-noida-gurugram-bengaluru-0-to-4-years-100826004347,No Apply button
2026-09-11 14:58:46,Backend Developer,True Choice,https://www.naukri.com/job-listings-backend-developer-true-choice-remote-1-to-3-years-221222500537,External company site
2026-09-11 14:58:50,Backend Developer,True Choice,https://www.naukri.com/job-listings-backend-developer-true-choice-remote-1-to-3-years-221222500537?src=directSearch&sid=17891189194012543&xp=1&px=1,External company site
2026-09-11 14:58:53,Backend Developer,Sunrays Image Technology,https://www.naukri.com/job-listings-backend-developer-sunrays-image-technology-private-limited-remote-1-to-3-years-251025505146,External company site
2026-09-11 14:58:55,Backend Developer,ANH Engineering Services (ANHESPL),https://www.naukri.com/job-listings-backend-developer-anh-engineering-services-anhespl-noida-gurugram-bengaluru-0-to-4-years-100826004347?src=directSearch&sid=17891188067851046&xp=16&px=1,No Apply button
2026-09-11 14:58:56,Backend Developer,Sunrays Image Technology,https://www.naukri.com/job-listings-backend-developer-sunrays-image-technology-private-limited-remote-1-to-3-years-251025505146?src=directSearch&sid=17891189194012543&xp=2&px=1,External company site
2026-09-11 14:58:59,Backend Developer,Celestial Software Services,https://www.naukri.com/job-listings-backend-developer-celestial-software-services-llp-remote-0-to-3-years-150724501351,External company site
2026-09-11 14:59:02,Backend Developer,Celestial Software Services,https://www.naukri.com/job-listings-backend-developer-celestial-software-services-llp-remote-0-to-3-years-150724501351?src=directSearch&sid=17891189194012543&xp=3&px=1,External company site
2026-09-11 14:59:04,Backend Developers,Acme Services,https://www.naukri.com/job-listings-backend-developers-acme-services-bengaluru-1-to-5-years-210223503111,External company site
2026-09-11 14:59:06,Python Backend Developer,BSH Technologies,https://www.naukri.com/job-listings-python-backend-developer-bsh-technologiesa-remote-1-to-4-years-210126502820,External company site
2026-09-11 14:59:07,Backend Developers,Acme Services,https://www.naukri.com/job-listings-backend-developers-acme-services-bengaluru-1-to-5-years-210223503111?src=directSearch&sid=17891188067851046&xp=17&px=1,External company site
2026-09-11 14:59:09,Python Backend Developer,BSH Technologies,https://www.naukri.com/job-listings-python-backend-developer-bsh-technologiesa-remote-1-to-4-years-210126502820?src=directSearch&sid=17891189194012543&xp=4&px=1,External company site
2026-09-11 14:59:11,Offshore Backend Developer,Redolent,https://www.naukri.com/job-listings-offshore-backend-developer-redolent-inc-bengaluru-2-to-6-years-220726501199,External company site
2026-09-11 14:59:12,Backend Developer,Appsynergies,https://www.naukri.com/job-listings-backend-developer-appsynergies-remote-1-to-2-years-240723500124,External company site
2026-09-11 14:59:14,Offshore Backend Developer,Redolent,https://www.naukri.com/job-listings-offshore-backend-developer-redolent-inc-bengaluru-2-to-6-years-220726501199?src=directSearch&sid=17891188067851046&xp=18&px=1,External company site
2026-09-11 14:59:15,Backend Developer,Appsynergies,https://www.naukri.com/job-listings-backend-developer-appsynergies-remote-1-to-2-years-240723500124?src=directSearch&sid=17891189194012543&xp=5&px=1,External company site
2026-09-11 14:59:18,Backend Developer,Transverser Labs,https://www.naukri.com/job-listings-backend-developer-anglerfox-pvt-ltd-bengaluru-2-to-6-years-100826501179,External company site
2026-09-11 14:59:19,Backend Developer,Upstack,https://www.naukri.com/job-listings-backend-developer-upstack-remote-1-to-2-years-260724501088,External company site
2026-09-11 14:59:21,Backend Developer,Transverser Labs,https://www.naukri.com/job-listings-backend-developer-anglerfox-pvt-ltd-bengaluru-2-to-6-years-100826501179?src=directSearch&sid=17891188067851046&xp=19&px=1,External company site
2026-09-11 14:59:22,Backend Developer,Upstack,https://www.naukri.com/job-listings-backend-developer-upstack-remote-1-to-2-years-260724501088?src=directSearch&sid=17891189194012543&xp=6&px=1,External company site
2026-09-11 14:59:24,BTP + CAPM (Backend Developer),IBU Consulting,https://www.naukri.com/job-listings-btp-capm-backend-developer-ibu-consulting-bengaluru-1-to-4-years-090926502554,External company site
2026-09-11 14:59:26,Backend Developer,Spherecode,https://www.naukri.com/job-listings-backend-developer-spherecode-pvt-ltd-remote-2-to-7-years-200426502106,External company site
2026-09-11 14:59:28,BTP + CAPM (Backend Developer),IBU Consulting,https://www.naukri.com/job-listings-btp-capm-backend-developer-ibu-consulting-bengaluru-1-to-4-years-090926502554?src=directSearch&sid=17891188067851046&xp=20&px=1,External company site
2026-09-11 14:59:29,Backend Developer,Spherecode,https://www.naukri.com/job-listings-backend-developer-spherecode-pvt-ltd-remote-2-to-7-years-200426502106?src=directSearch&sid=17891189194012543&xp=7&px=1,External company site
2026-09-11 14:59:32,Python / Django Backend Developer,Superteams Ai,https://www.naukri.com/job-listings-python-django-backend-developer-superteams-ai-remote-2-to-7-years-100926504701,External company site
2026-09-11 14:59:35,Python / Django Backend Developer,Superteams Ai,https://www.naukri.com/job-listings-python-django-backend-developer-superteams-ai-remote-2-to-7-years-100926504701?src=directSearch&sid=17891189194012543&xp=8&px=1,External company site
2026-09-11 14:59:39,Backend Developer,ITConnectUS,https://www.naukri.com/job-listings-backend-developer-itconnectus-inc-bengaluru-2-to-7-years-240726504364,External company site
2026-09-11 14:59:39,Backend Developer,Zype,https://www.naukri.com/job-listings-backend-developer-zype-remote-1-to-2-years-160922502513,External company site
2026-09-11 14:59:42,Backend Developer,ITConnectUS,https://www.naukri.com/job-listings-backend-developer-itconnectus-inc-bengaluru-2-to-7-years-240726504364?src=directSearch&sid=17891189689208091&xp=20&px=1,External company site
2026-09-11 14:59:42,Backend Developer,Zype,https://www.naukri.com/job-listings-backend-developer-zype-remote-1-to-2-years-160922502513?src=directSearch&sid=17891189194012543&xp=9&px=1,External company site
2026-09-11 14:59:46,Backend Developer,Geek Instructor,https://www.naukri.com/job-listings-backend-developer-geek-instructor-remote-1-to-3-years-160626504130,External company site
2026-09-11 14:59:49,Backend Developer,Geek Instructor,https://www.naukri.com/job-listings-backend-developer-geek-instructor-remote-1-to-3-years-160626504130?src=directSearch&sid=17891189194012543&xp=10&px=1,External company site
2026-09-11 14:59:51,Backend Developer,True Choice,https://www.naukri.com/job-listings-backend-developer-true-choice-remote-1-to-3-years-221222500537,External company site
2026-09-11 14:59:53,Backend Developer (MERN | PostgreSQL),Stacklab,https://www.naukri.com/job-listings-backend-developer-mern-postgresql-stacklab-in-remote-2-to-5-years-150626504417,External company site
2026-09-11 14:59:55,Backend Developer,True Choice,https://www.naukri.com/job-listings-backend-developer-true-choice-remote-1-to-3-years-221222500537?src=directSearch&sid=17891189831537860&xp=1&px=1,External company site
2026-09-11 14:59:57,Backend Developer (MERN | PostgreSQL),Stacklab,https://www.naukri.com/job-listings-backend-developer-mern-postgresql-stacklab-in-remote-2-to-5-years-150626504417?src=directSearch&sid=17891189194012543&xp=11&px=1,External company site
2026-09-11 14:59:58,Backend Developer,Sunrays Image Technology,https://www.naukri.com/job-listings-backend-developer-sunrays-image-technology-private-limited-remote-1-to-3-years-251025505146,External company site
2026-09-11 15:00:00,Backend Developer,Manbal.ai,https://www.naukri.com/job-listings-backend-developer-manbal-ai-remote-1-to-3-years-180526507490,External company site
2026-09-11 15:00:03,Backend Developer,Sunrays Image Technology,https://www.naukri.com/job-listings-backend-developer-sunrays-image-technology-private-limited-remote-1-to-3-years-251025505146?src=directSearch&sid=17891189831537860&xp=2&px=1,External company site
2026-09-11 15:00:04,Backend Developer,Manbal.ai,https://www.naukri.com/job-listings-backend-developer-manbal-ai-remote-1-to-3-years-180526507490?src=directSearch&sid=17891189194012543&xp=12&px=1,External company site
2026-09-11 15:00:07,Backend Developer,Celestial Software Services,https://www.naukri.com/job-listings-backend-developer-celestial-software-services-llp-remote-0-to-3-years-150724501351,External company site
2026-09-11 15:00:08,C# .NET Backend Developer,Relq Technologies,https://www.naukri.com/job-listings-c-net-backend-developer-relq-technologies-remote-1-to-3-years-081225505151,External company site
2026-09-11 15:00:10,Backend Developer,Celestial Software Services,https://www.naukri.com/job-listings-backend-developer-celestial-software-services-llp-remote-0-to-3-years-150724501351?src=directSearch&sid=17891189831537860&xp=3&px=1,External company site
2026-09-11 15:00:12,C# .NET Backend Developer,Relq Technologies,https://www.naukri.com/job-listings-c-net-backend-developer-relq-technologies-remote-1-to-3-years-081225505151?src=directSearch&sid=17891189194012543&xp=13&px=1,External company site
2026-09-11 15:00:14,Python Backend Developer,BSH Technologies,https://www.naukri.com/job-listings-python-backend-developer-bsh-technologiesa-remote-1-to-4-years-210126502820,External company site
2026-09-11 15:00:15,Web Backend Developer,Mindnotix,https://www.naukri.com/job-listings-web-backend-developer-mindnotix-remote-2-to-7-years-080926505752,External company site
2026-09-11 15:00:18,Python Backend Developer,BSH Technologies,https://www.naukri.com/job-listings-python-backend-developer-bsh-technologiesa-remote-1-to-4-years-210126502820?src=directSearch&sid=17891189831537860&xp=4&px=1,External company site
2026-09-11 15:00:19,Web Backend Developer,Mindnotix,https://www.naukri.com/job-listings-web-backend-developer-mindnotix-remote-2-to-7-years-080926505752?src=directSearch&sid=17891189194012543&xp=14&px=1,External company site
2026-09-11 15:00:21,Backend Developer,Appsynergies,https://www.naukri.com/job-listings-backend-developer-appsynergies-remote-1-to-2-years-240723500124,External company site
2026-09-11 15:00:22,Senior Backend Developer,Neetable,https://www.naukri.com/job-listings-senior-backend-developer-neetable-remote-2-to-4-years-211124502932,External company site
2026-09-11 15:00:24,Backend Developer,Appsynergies,https://www.naukri.com/job-listings-backend-developer-appsynergies-remote-1-to-2-years-240723500124?src=directSearch&sid=17891189831537860&xp=5&px=1,External company site
2026-09-11 15:00:26,Senior Backend Developer,Neetable,https://www.naukri.com/job-listings-senior-backend-developer-neetable-remote-2-to-4-years-211124502932?src=directSearch&sid=17891189194012543&xp=15&px=1,External company site
2026-09-11 15:00:27,Backend Developer,Upstack,https://www.naukri.com/job-listings-backend-developer-upstack-remote-1-to-2-years-260724501088,External company site
2026-09-11 15:00:30,Backend Developer,Upstack,https://www.naukri.com/job-listings-backend-developer-upstack-remote-1-to-2-years-260724501088?src=directSearch&sid=17891189831537860&xp=6&px=1,External company site
2026-09-11 15:00:34,Backend Developer,Spherecode,https://www.naukri.com/job-listings-backend-developer-spherecode-pvt-ltd-remote-2-to-7-years-200426502106,External company site
2026-09-11 15:00:37,Python / Django Backend Developer,Superteams Ai,https://www.naukri.com/job-listings-python-django-backend-developer-superteams-ai-remote-2-to-7-years-100926504701,External company site
2026-09-11 15:00:40,Python / Django Backend Developer,Superteams Ai,https://www.naukri.com/job-listings-python-django-backend-developer-superteams-ai-remote-2-to-7-years-100926504701?src=directSearch&sid=17891189831537860&xp=8&px=1,External company site
2026-09-11 15:00:43,Backend Developer,Zype,https://www.naukri.com/job-listings-backend-developer-zype-remote-1-to-2-years-160922502513,External company site
2026-09-11 15:00:46,Backend Developer,Termgrid,https://www.naukri.com/job-listings-backend-developer-termgrid-remote-2-to-5-years-280526500399,External company site
2026-09-11 15:00:46,Backend Developer,Zype,https://www.naukri.com/job-listings-backend-developer-zype-remote-1-to-2-years-160922502513?src=directSearch&sid=17891189831537860&xp=9&px=1,External company site
2026-09-11 15:00:49,Backend Developer,Termgrid,https://www.naukri.com/job-listings-backend-developer-termgrid-remote-2-to-5-years-280526500399?src=directSearch&sid=17891189194012543&xp=17&px=1,External company site
2026-09-11 15:00:50,Backend Developer,Geek Instructor,https://www.naukri.com/job-listings-backend-developer-geek-instructor-remote-1-to-3-years-160626504130,External company site
2026-09-11 15:00:52,"Backend Developer, Pan India",iCresset Talent Solutions,https://www.naukri.com/job-listings-backend-developer-pan-india-icresset-talent-solutions-remote-2-to-4-years-131021501257,External company site
2026-09-11 15:00:54,Backend Developer,Geek Instructor,https://www.naukri.com/job-listings-backend-developer-geek-instructor-remote-1-to-3-years-160626504130?src=directSearch&sid=17891189831537860&xp=10&px=1,External company site
2026-09-11 15:00:55,"Backend Developer, Pan India",iCresset Talent Solutions,https://www.naukri.com/job-listings-backend-developer-pan-india-icresset-talent-solutions-remote-2-to-4-years-131021501257?src=directSearch&sid=17891189194012543&xp=18&px=1,External company site
2026-09-11 15:00:57,Backend Developer (MERN | PostgreSQL),Stacklab,https://www.naukri.com/job-listings-backend-developer-mern-postgresql-stacklab-in-remote-2-to-5-years-150626504417,External company site
2026-09-11 15:00:59,Backend Developer,Junky Tech,https://www.naukri.com/job-listings-backend-developer-junky-tech-india-private-limited-remote-2-to-5-years-190626504081,External company site
2026-09-11 15:01:00,Backend Developer (MERN | PostgreSQL),Stacklab,https://www.naukri.com/job-listings-backend-developer-mern-postgresql-stacklab-in-remote-2-to-5-years-150626504417?src=directSearch&sid=17891189831537860&xp=11&px=1,External company site
2026-09-11 15:01:02,Backend Developer,Junky Tech,https://www.naukri.com/job-listings-backend-developer-junky-tech-india-private-limited-remote-2-to-5-years-190626504081?src=directSearch&sid=17891189194012543&xp=19&px=1,External company site
2026-09-11 15:01:03,Backend Developer,Manbal.ai,https://www.naukri.com/job-listings-backend-developer-manbal-ai-remote-1-to-3-years-180526507490,External company site
2026-09-11 15:01:06,Backend developer,Androcid,https://www.naukri.com/job-listings-backend-developer-androcid-remote-2-to-7-years-160126503833,External company site
2026-09-11 15:01:07,Backend Developer,Manbal.ai,https://www.naukri.com/job-listings-backend-developer-manbal-ai-remote-1-to-3-years-180526507490?src=directSearch&sid=17891189831537860&xp=12&px=1,External company site
2026-09-11 15:01:09,Backend developer,Androcid,https://www.naukri.com/job-listings-backend-developer-androcid-remote-2-to-7-years-160126503833?src=directSearch&sid=17891189194012543&xp=20&px=1,External company site
2026-09-11 15:01:10,C# .NET Backend Developer,Relq Technologies,https://www.naukri.com/job-listings-c-net-backend-developer-relq-technologies-remote-1-to-3-years-081225505151,External company site
2026-09-11 15:01:14,C# .NET Backend Developer,Relq Technologies,https://www.naukri.com/job-listings-c-net-backend-developer-relq-technologies-remote-1-to-3-years-081225505151?src=directSearch&sid=17891189831537860&xp=13&px=1,External company site
2026-09-11 15:01:17,Web Backend Developer,Mindnotix,https://www.naukri.com/job-listings-web-backend-developer-mindnotix-remote-2-to-7-years-080926505752,External company site
2026-09-11 15:01:17,Software Engineer,Raad Systems,https://www.naukri.com/job-listings-software-engineer-raad-systems-private-limited-bengaluru-2-to-5-years-080926502036,External company site
2026-09-11 15:01:20,Web Backend Developer,Mindnotix,https://www.naukri.com/job-listings-web-backend-developer-mindnotix-remote-2-to-7-years-080926505752?src=directSearch&sid=17891189831537860&xp=14&px=1,External company site
2026-09-11 15:01:21,Software Engineer,Raad Systems,https://www.naukri.com/job-listings-software-engineer-raad-systems-private-limited-bengaluru-2-to-5-years-080926502036?src=directSearch&sid=17891190702435991&xp=1&px=1,External company site
2026-09-11 15:01:24,Senior Backend Developer,Neetable,https://www.naukri.com/job-listings-senior-backend-developer-neetable-remote-2-to-4-years-211124502932,External company site
2026-09-11 15:01:24,Software Engineer,Cisco,https://www.naukri.com/job-listings-software-engineer-cisco-bengaluru-2-to-4-years-180826504179,External company site
2026-09-11 15:01:27,Senior Backend Developer,Neetable,https://www.naukri.com/job-listings-senior-backend-developer-neetable-remote-2-to-4-years-211124502932?src=directSearch&sid=17891189831537860&xp=15&px=1,External company site
2026-09-11 15:01:27,Software Engineer,Cisco,https://www.naukri.com/job-listings-software-engineer-cisco-bengaluru-2-to-4-years-180826504179?src=directSearch&sid=17891190702435991&xp=2&px=1,External company site
2026-09-11 15:01:31,Software Engineer,Infinite,https://www.naukri.com/job-listings-software-engineer-infinite-computer-solutions-india-pvt-ltd-bengaluru-1-to-5-years-070826502241,External company site
2026-09-11 15:01:34,Software Engineer,Infinite,https://www.naukri.com/job-listings-software-engineer-infinite-computer-solutions-india-pvt-ltd-bengaluru-1-to-5-years-070826502241?src=directSearch&sid=17891190702435991&xp=3&px=1,External company site
2026-09-11 15:01:43,Sr Node.js (Backend) Developer,Mobile Programming,https://www.naukri.com/job-listings-sr-node-js-backend-developer-mobileprogramming-remote-2-to-5-years-250522501636?src=directSearch&sid=17891189831537860&xp=16&px=1,No Apply button
2026-09-11 15:01:51,Backend Developer,Termgrid,https://www.naukri.com/job-listings-backend-developer-termgrid-remote-2-to-5-years-280526500399,External company site
2026-09-11 15:01:54,Backend Developer,Termgrid,https://www.naukri.com/job-listings-backend-developer-termgrid-remote-2-to-5-years-280526500399?src=directSearch&sid=17891189831537860&xp=17&px=1,External company site
2026-09-11 15:01:55,Custom Software Engineer,Accenture,https://www.naukri.com/job-listings-custom-software-engineer-accenture-solutions-pvt-ltd-bengaluru-2-to-5-years-110826932500,External company site
2026-09-11 15:01:57,"Backend Developer, Pan India",iCresset Talent Solutions,https://www.naukri.com/job-listings-backend-developer-pan-india-icresset-talent-solutions-remote-2-to-4-years-131021501257,External company site
2026-09-11 15:01:58,Custom Software Engineer,Accenture,https://www.naukri.com/job-listings-custom-software-engineer-accenture-solutions-pvt-ltd-bengaluru-2-to-5-years-110826932500?src=directSearch&sid=17891190702435991&xp=5&px=1,External company site
2026-09-11 15:02:00,"Backend Developer, Pan India",iCresset Talent Solutions,https://www.naukri.com/job-listings-backend-developer-pan-india-icresset-talent-solutions-remote-2-to-4-years-131021501257?src=directSearch&sid=17891189831537860&xp=18&px=1,External company site
2026-09-11 15:02:03,Backend Developer,Junky Tech,https://www.naukri.com/job-listings-backend-developer-junky-tech-india-private-limited-remote-2-to-5-years-190626504081,External company site
2026-09-11 15:02:07,Backend Developer,Junky Tech,https://www.naukri.com/job-listings-backend-developer-junky-tech-india-private-limited-remote-2-to-5-years-190626504081?src=directSearch&sid=17891189831537860&xp=19&px=1,External company site
2026-09-11 15:02:10,Backend developer,Androcid,https://www.naukri.com/job-listings-backend-developer-androcid-remote-2-to-7-years-160126503833,External company site
2026-09-11 15:02:12,Software Engineer,Sparix Global,https://www.naukri.com/job-listings-software-engineer-sparix-global-private-limited-remote-1-to-4-years-240426500817,External company site
2026-09-11 15:02:14,Backend developer,Androcid,https://www.naukri.com/job-listings-backend-developer-androcid-remote-2-to-7-years-160126503833?src=directSearch&sid=17891189831537860&xp=20&px=1,External company site
2026-09-11 15:02:16,Software Engineer,Sparix Global,https://www.naukri.com/job-listings-software-engineer-sparix-global-private-limited-remote-1-to-4-years-240426500817?src=directSearch&sid=17891191256708426&xp=1&px=1,External company site
2026-09-11 15:02:22,Software Engineer,Raad Systems,https://www.naukri.com/job-listings-software-engineer-raad-systems-private-limited-bengaluru-2-to-5-years-080926502036,External company site
2026-09-11 15:02:24,Python Developer,47billion,https://www.naukri.com/job-listings-python-developer-47-billion-information-technologies-private-limited-bengaluru-0-to-3-years-270726500368,External company site
2026-09-11 15:02:25,Software Engineer,Raad Systems,https://www.naukri.com/job-listings-software-engineer-raad-systems-private-limited-bengaluru-2-to-5-years-080926502036?src=directSearch&sid=17891191351853070&xp=1&px=1,External company site
2026-09-11 15:02:27,Python Developer,47billion,https://www.naukri.com/job-listings-python-developer-47-billion-information-technologies-private-limited-bengaluru-0-to-3-years-270726500368?src=directSearch&sid=17891191371189683&xp=1&px=1,External company site
2026-09-11 15:02:28,Software Engineer,Cisco,https://www.naukri.com/job-listings-software-engineer-cisco-bengaluru-2-to-4-years-180826504179,External company site
2026-09-11 15:02:30,Python Developer,Webgo Software Labs,https://www.naukri.com/job-listings-python-developer-webgo-software-labs-bengaluru-0-to-2-years-151225501863,External company site
2026-09-11 15:02:31,Software Engineer,Cisco,https://www.naukri.com/job-listings-software-engineer-cisco-bengaluru-2-to-4-years-180826504179?src=directSearch&sid=17891191351853070&xp=2&px=1,External company site
2026-09-11 15:02:33,Python Developer,Webgo Software Labs,https://www.naukri.com/job-listings-python-developer-webgo-software-labs-bengaluru-0-to-2-years-151225501863?src=directSearch&sid=17891191371189683&xp=2&px=1,External company site
2026-09-11 15:02:35,Software Engineer,Infinite,https://www.naukri.com/job-listings-software-engineer-infinite-computer-solutions-india-pvt-ltd-bengaluru-1-to-5-years-070826502241,External company site
2026-09-11 15:02:36,Python Developer,Appzlogic,https://www.naukri.com/job-listings-python-developer-appzlogic-mobility-solutions-pvt-ltd-kolkata-mumbai-new-delhi-hyderabad-pune-chennai-bengaluru-0-to-3-years-121124502854,External company site
2026-09-11 15:02:38,Software Engineer,Infinite,https://www.naukri.com/job-listings-software-engineer-infinite-computer-solutions-india-pvt-ltd-bengaluru-1-to-5-years-070826502241?src=directSearch&sid=17891191351853070&xp=3&px=1,External company site
2026-09-11 15:02:40,Python Developer,Appzlogic,https://www.naukri.com/job-listings-python-developer-appzlogic-mobility-solutions-pvt-ltd-kolkata-mumbai-new-delhi-hyderabad-pune-chennai-bengaluru-0-to-3-years-121124502854?src=directSearch&sid=17891191371189683&xp=3&px=1,External company site
2026-09-11 15:03:05,Custom Software Engineer,Accenture,https://www.naukri.com/job-listings-custom-software-engineer-accenture-solutions-pvt-ltd-bengaluru-2-to-5-years-110826932500,External company site
2026-09-11 15:03:08,Custom Software Engineer,Accenture,https://www.naukri.com/job-listings-custom-software-engineer-accenture-solutions-pvt-ltd-bengaluru-2-to-5-years-110826932500?src=directSearch&sid=17891191351853070&xp=5&px=1,External company site
2026-09-11 15:03:17,Python Developer,Mesprosoft,https://www.naukri.com/job-listings-python-developer-mesprosoft-bengaluru-1-to-6-years-240226505023,External company site
2026-09-11 15:03:21,Python Developer,Mesprosoft,https://www.naukri.com/job-listings-python-developer-mesprosoft-bengaluru-1-to-6-years-240226505023?src=directSearch&sid=17891191371189683&xp=6&px=1,External company site
2026-09-11 15:03:21,Software Engineer,Sparix Global,https://www.naukri.com/job-listings-software-engineer-sparix-global-private-limited-remote-1-to-4-years-240426500817,External company site
2026-09-11 15:03:24,Python Developer,Quantumzyme,https://www.naukri.com/job-listings-python-developer-quantumzyme-bengaluru-2-to-5-years-030925502651,External company site
2026-09-11 15:03:25,Software Engineer,Sparix Global,https://www.naukri.com/job-listings-software-engineer-sparix-global-private-limited-remote-1-to-4-years-240426500817?src=directSearch&sid=17891191945412686&xp=1&px=1,External company site
2026-09-11 15:03:27,Python Developer,Quantumzyme,https://www.naukri.com/job-listings-python-developer-quantumzyme-bengaluru-2-to-5-years-030925502651?src=directSearch&sid=17891191371189683&xp=7&px=1,External company site
2026-09-11 15:03:31,Python Developer,Nimblix Technologies,https://www.naukri.com/job-listings-python-developer-nimblix-technologies-bengaluru-2-to-5-years-170626501119,External company site
2026-09-11 15:03:33,Python Developer,47billion,https://www.naukri.com/job-listings-python-developer-47-billion-information-technologies-private-limited-bengaluru-0-to-3-years-270726500368,External company site
2026-09-11 15:03:34,Python Developer,Nimblix Technologies,https://www.naukri.com/job-listings-python-developer-nimblix-technologies-bengaluru-2-to-5-years-170626501119?src=directSearch&sid=17891191371189683&xp=8&px=1,External company site
2026-09-11 15:03:35,Python Developer,47billion,https://www.naukri.com/job-listings-python-developer-47-billion-information-technologies-private-limited-bengaluru-0-to-3-years-270726500368?src=directSearch&sid=17891192059173901&xp=1&px=1,External company site
2026-09-11 15:03:37,Python Developer,Calpion Software Technologies,https://www.naukri.com/job-listings-python-developer-calpion-software-technologies-private-ltd-bengaluru-2-to-5-years-201124501273,External company site
2026-09-11 15:03:40,Python Developer,Calpion Software Technologies,https://www.naukri.com/job-listings-python-developer-calpion-software-technologies-private-ltd-bengaluru-2-to-5-years-201124501273?src=directSearch&sid=17891191371189683&xp=9&px=1,External company site
2026-09-11 15:03:40,Python Developer,Webgo Software Labs,https://www.naukri.com/job-listings-python-developer-webgo-software-labs-bengaluru-0-to-2-years-151225501863,External company site
2026-09-11 15:03:43,Python Developer,Ascent Cyber Solutions,https://www.naukri.com/job-listings-python-developer-ascent-cyber-solutions-bengaluru-2-to-6-years-160124500813,External company site
2026-09-11 15:03:43,Python Developer,Appzlogic,https://www.naukri.com/job-listings-python-developer-appzlogic-mobility-solutions-pvt-ltd-kolkata-mumbai-new-delhi-hyderabad-pune-chennai-bengaluru-0-to-3-years-121124502854,External company site
2026-09-11 15:03:46,Python Developer,Ascent Cyber Solutions,https://www.naukri.com/job-listings-python-developer-ascent-cyber-solutions-bengaluru-2-to-6-years-160124500813?src=directSearch&sid=17891191371189683&xp=10&px=1,External company site
2026-09-11 15:03:49,Python Developer,The It Mind Services,https://www.naukri.com/job-listings-python-developer-the-it-mind-bengaluru-2-to-5-years-100826501268,External company site
2026-09-11 15:03:53,Python Developer,The It Mind Services,https://www.naukri.com/job-listings-python-developer-the-it-mind-bengaluru-2-to-5-years-100826501268?src=directSearch&sid=17891191371189683&xp=11&px=1,External company site
2026-09-11 15:04:10,Python Developer,Mesprosoft,https://www.naukri.com/job-listings-python-developer-mesprosoft-bengaluru-1-to-6-years-240226505023,External company site
2026-09-11 15:04:13,Python Developer,Quantumzyme,https://www.naukri.com/job-listings-python-developer-quantumzyme-bengaluru-2-to-5-years-030925502651,External company site
2026-09-11 15:04:16,Python Developer,Nimblix Technologies,https://www.naukri.com/job-listings-python-developer-nimblix-technologies-bengaluru-2-to-5-years-170626501119,External company site
2026-09-11 15:04:19,Python Developer,Calpion Software Technologies,https://www.naukri.com/job-listings-python-developer-calpion-software-technologies-private-ltd-bengaluru-2-to-5-years-201124501273,External company site
2026-09-11 15:04:22,Python Developer,Ascent Cyber Solutions,https://www.naukri.com/job-listings-python-developer-ascent-cyber-solutions-bengaluru-2-to-6-years-160124500813,External company site
2026-09-11 15:04:25,Python Developer,The It Mind Services,https://www.naukri.com/job-listings-python-developer-the-it-mind-bengaluru-2-to-5-years-100826501268,External company site
2026-09-11 15:04:33,"DevOps Engineer - CI/CD, Python, SAP BTP",Brigosha Technologies,https://www.naukri.com/job-listings-devops-engineer-ci-cd-python-sap-btp-brigosha-technologies-bengaluru-2-to-5-years-310826500904,External company site
2026-09-11 15:04:36,"DevOps Engineer - CI/CD, Python, SAP BTP",Brigosha Technologies,https://www.naukri.com/job-listings-devops-engineer-ci-cd-python-sap-btp-brigosha-technologies-bengaluru-2-to-5-years-310826500904?src=directSearch&sid=17891192661493294&xp=1&px=1,External company site
2026-09-11 15:04:39,DevOps Engineer,Apcell Infotech,https://www.naukri.com/job-listings-devops-engineer-ap-cell-infotech-pvt-ltd-bengaluru-2-to-5-years-230626501496,External company site
2026-09-11 15:04:42,DevOps Engineer,Apcell Infotech,https://www.naukri.com/job-listings-devops-engineer-ap-cell-infotech-pvt-ltd-bengaluru-2-to-5-years-230626501496?src=directSearch&sid=17891192661493294&xp=2&px=1,External company site
2026-09-11 15:04:45,DevOps Engineer,Sigma Allied Services,https://www.naukri.com/job-listings-devops-engineer-sigma-allied-services-private-limited-bengaluru-2-to-6-years-200726500538,External company site
2026-09-11 15:04:48,DevOps Engineer,Sigma Allied Services,https://www.naukri.com/job-listings-devops-engineer-sigma-allied-services-private-limited-bengaluru-2-to-6-years-200726500538?src=directSearch&sid=17891192661493294&xp=3&px=1,External company site
2026-09-11 15:04:52,Devops Engineer,Coverself Technologies,https://www.naukri.com/job-listings-devops-engineer-coverself-technologies-bengaluru-0-to-6-years-030826504172,External company site
2026-09-11 15:04:53,Python Developer,Infosys,https://www.naukri.com/job-listings-python-developer-infosys-limited-bengaluru-1-to-5-years-180826942703?src=directSearch&sid=17891192059173901&xp=13&px=1,No Apply button
2026-09-11 15:04:55,Devops Engineer,Coverself Technologies,https://www.naukri.com/job-listings-devops-engineer-coverself-technologies-bengaluru-0-to-6-years-030826504172?src=directSearch&sid=17891192661493294&xp=4&px=1,External company site
2026-09-11 15:04:58,Devops Engineer(CI/CD),Telloquent,https://www.naukri.com/job-listings-devops-engineer-ci-cd-telloquent-solutions-bengaluru-2-to-5-years-221125501530,External company site
2026-09-11 15:05:01,Devops Engineer(CI/CD),Telloquent,https://www.naukri.com/job-listings-devops-engineer-ci-cd-telloquent-solutions-bengaluru-2-to-5-years-221125501530?src=directSearch&sid=17891192661493294&xp=5&px=1,External company site
2026-09-11 15:05:04,DevOps Engineer,Dautom,https://www.naukri.com/job-listings-devops-engineer-dautom-bengaluru-2-to-6-years-190224502108,External company site
2026-09-11 15:05:07,DevOps Engineer,Dautom,https://www.naukri.com/job-listings-devops-engineer-dautom-bengaluru-2-to-6-years-190224502108?src=directSearch&sid=17891192661493294&xp=6&px=1,External company site
2026-09-11 15:05:10,Devops Engineer,Coderound Ai,https://www.naukri.com/job-listings-devops-engineer-coderound-ai-bengaluru-2-to-4-years-110826503742,External company site
2026-09-11 15:05:14,Devops Engineer,Coderound Ai,https://www.naukri.com/job-listings-devops-engineer-coderound-ai-bengaluru-2-to-4-years-110826503742?src=directSearch&sid=17891192661493294&xp=7&px=1,External company site
2026-09-11 15:05:15,Python Software Developer,Infosys,https://www.naukri.com/job-listings-python-software-developer-infosys-hyderabad-chennai-bengaluru-2-to-3-years-190826037512?src=directSearch&sid=17891192059173901&xp=14&px=1,No Apply button
2026-09-11 15:05:17,DevOps Engineer,Auric Ai Labs,https://www.naukri.com/job-listings-devops-engineer-auric-ai-labs-bengaluru-0-to-2-years-270726503954,External company site
2026-09-11 15:05:20,DevOps Engineer,Auric Ai Labs,https://www.naukri.com/job-listings-devops-engineer-auric-ai-labs-bengaluru-0-to-2-years-270726503954?src=directSearch&sid=17891192661493294&xp=8&px=1,External company site
2026-09-11 15:05:23,DevOps Engineer,Simreka,https://www.naukri.com/job-listings-devops-engineer-simreka-devtaar-gmbh-bengaluru-1-to-3-years-210126502943,External company site
2026-09-11 15:05:25,Python Developer,Codigo Technologies,https://www.naukri.com/job-listings-python-developer-codigo-world-bengaluru-2-to-7-years-081225501291,External company site
2026-09-11 15:05:26,DevOps Engineer,Simreka,https://www.naukri.com/job-listings-devops-engineer-simreka-devtaar-gmbh-bengaluru-1-to-3-years-210126502943?src=directSearch&sid=17891192661493294&xp=9&px=1,External company site
2026-09-11 15:05:29,DevOps Engineer,Accenture,https://www.naukri.com/job-listings-devops-engineer-accenture-solutions-pvt-ltd-bengaluru-2-to-7-years-240826913938,External company site
2026-09-11 15:05:30,Python Developer,Codigo Technologies,https://www.naukri.com/job-listings-python-developer-codigo-world-bengaluru-2-to-7-years-081225501291?src=directSearch&sid=17891192059173901&xp=15&px=1,External company site
2026-09-11 15:05:33,DevOps Engineer,Accenture,https://www.naukri.com/job-listings-devops-engineer-accenture-solutions-pvt-ltd-bengaluru-2-to-7-years-240826913938?src=directSearch&sid=17891192661493294&xp=10&px=1,External company site
2026-09-11 15:05:33,Python Developer,Tech Stalwart Solution,https://www.naukri.com/job-listings-python-developer-tech-stalwart-solution-private-limited-bengaluru-2-to-7-years-100625503044,External company site
2026-09-11 15:05:37,DevOps Engineer (ETS),Apple,https://www.naukri.com/job-listings-devops-engineer-ets-apple-india-pvt-ltd-bengaluru-1-to-10-years-090726506008,External company site
2026-09-11 15:05:37,Python Developer,Tech Stalwart Solution,https://www.naukri.com/job-listings-python-developer-tech-stalwart-solution-private-limited-bengaluru-2-to-7-years-100625503044?src=directSearch&sid=17891192059173901&xp=16&px=1,External company site
2026-09-11 15:05:40,DevOps Engineer (ETS),Apple,https://www.naukri.com/job-listings-devops-engineer-ets-apple-india-pvt-ltd-bengaluru-1-to-10-years-090726506008?src=directSearch&sid=17891192661493294&xp=11&px=1,External company site
2026-09-11 15:05:44,DevOps Engineer,Logic Planet,https://www.naukri.com/job-listings-devops-engineer-logicplanet-it-services-hubli-mangaluru-mysuru-bengaluru-belgaum-0-to-5-years-240226505123,External company site
2026-09-11 15:05:47,DevOps Engineer,Logic Planet,https://www.naukri.com/job-listings-devops-engineer-logicplanet-it-services-hubli-mangaluru-mysuru-bengaluru-belgaum-0-to-5-years-240226505123?src=directSearch&sid=17891192661493294&xp=12&px=1,External company site
2026-09-11 15:05:51,DevOps Engineer,Isarva Infotech,https://www.naukri.com/job-listings-devops-engineer-isarva-infotech-private-limited-bengaluru-2-to-5-years-240426501814,External company site
2026-09-11 15:05:52,"Python developer with RAG , Langraph ,Langchain",Infosys,https://www.naukri.com/job-listings-python-developer-with-rag-langraph-langchain-infosys-limited-bengaluru-2-to-5-years-120826935462?src=directSearch&sid=17891192059173901&xp=17&px=1,No Apply button
2026-09-11 15:05:54,DevOps Engineer,Isarva Infotech,https://www.naukri.com/job-listings-devops-engineer-isarva-infotech-private-limited-bengaluru-2-to-5-years-240426501814?src=directSearch&sid=17891192661493294&xp=13&px=1,External company site
2026-09-11 15:05:57,DEVOPS ENGINEER,Cloud Counselage,https://www.naukri.com/job-listings-devops-engineer-cloud-counselage-pvt-ltd-bengaluru-2-to-3-years-301225507904,External company site
2026-09-11 15:06:01,DEVOPS ENGINEER,Cloud Counselage,https://www.naukri.com/job-listings-devops-engineer-cloud-counselage-pvt-ltd-bengaluru-2-to-3-years-301225507904?src=directSearch&sid=17891192661493294&xp=14&px=1,External company site
2026-09-11 15:06:04,DevOps Engineer,ADA Global,https://www.naukri.com/job-listings-devops-engineer-ada-global-bengaluru-2-to-4-years-230726505595,External company site
2026-09-11 15:06:07,DevOps Engineer,ADA Global,https://www.naukri.com/job-listings-devops-engineer-ada-global-bengaluru-2-to-4-years-230726505595?src=directSearch&sid=17891192661493294&xp=15&px=1,External company site
2026-09-11 15:06:11,Devops Engineer,Shopdeck,https://www.naukri.com/job-listings-devops-engineer-shopdeck-previously-nushop-bengaluru-1-to-2-years-170226504679,External company site
2026-09-11 15:06:14,Devops Engineer,Shopdeck,https://www.naukri.com/job-listings-devops-engineer-shopdeck-previously-nushop-bengaluru-1-to-2-years-170226504679?src=directSearch&sid=17891192661493294&xp=16&px=1,External company site
2026-09-11 15:06:17,DevOps Engineer,Simeio Solutions,https://www.naukri.com/job-listings-devops-engineer-simeio-solutions-bengaluru-2-to-4-years-120226501573,External company site
2026-09-11 15:06:20,DevOps Engineer,Simeio Solutions,https://www.naukri.com/job-listings-devops-engineer-simeio-solutions-bengaluru-2-to-4-years-120226501573?src=directSearch&sid=17891192661493294&xp=17&px=1,External company site
2026-09-11 15:06:24,DevOps Engineer,Gridraster India,https://www.naukri.com/job-listings-devops-engineer-gridraster-india-bengaluru-2-to-7-years-060723501158,External company site
2026-09-11 15:06:27,DevOps Engineer,Gridraster India,https://www.naukri.com/job-listings-devops-engineer-gridraster-india-bengaluru-2-to-7-years-060723501158?src=directSearch&sid=17891192661493294&xp=18&px=1,External company site
2026-09-11 15:06:30,IAM DevOps Engineer,Transtrack Aeroservices,https://www.naukri.com/job-listings-iam-devops-engineer-transtrack-aeroservices-private-limited-bengaluru-2-to-6-years-270726500724,External company site
2026-09-11 15:06:33,IAM DevOps Engineer,Transtrack Aeroservices,https://www.naukri.com/job-listings-iam-devops-engineer-transtrack-aeroservices-private-limited-bengaluru-2-to-6-years-270726500724?src=directSearch&sid=17891192661493294&xp=19&px=1,External company site
2026-09-11 15:06:36,DevOps Engineer,Accenture,https://www.naukri.com/job-listings-devops-engineer-accenture-solutions-pvt-ltd-bengaluru-2-to-5-years-200826932983,External company site
2026-09-11 15:06:39,DevOps Engineer,Accenture,https://www.naukri.com/job-listings-devops-engineer-accenture-solutions-pvt-ltd-bengaluru-2-to-5-years-200826932983?src=directSearch&sid=17891192661493294&xp=20&px=1,External company site
2026-09-11 15:06:46,Python Developer,Virtualware Innovations,https://www.naukri.com/job-listings-python-developer-virtualware-innovations-bengaluru-2-to-5-years-030926500973,External company site
2026-09-11 15:06:49,Python Developer,Virtualware Innovations,https://www.naukri.com/job-listings-python-developer-virtualware-innovations-bengaluru-2-to-5-years-030926500973?src=directSearch&sid=17891192059173901&xp=20&px=1,External company site
2026-09-11 15:06:55,"DevOps Engineer,Pan India",Axel,https://www.naukri.com/job-listings-devops-engineer-pan-india-axel-remote-0-to-2-years-230921501409,External company site
2026-09-11 15:06:57,Python Developer,Billions United,https://www.naukri.com/job-listings-python-developer-billions-united-bengaluru-0-to-2-years-250725500803,External company site
2026-09-11 15:06:59,"DevOps Engineer,Pan India",Axel,https://www.naukri.com/job-listings-devops-engineer-pan-india-axel-remote-0-to-2-years-230921501409?src=directSearch&sid=17891194088548697&xp=1&px=1,External company site
2026-09-11 15:07:01,Python Developer,Billions United,https://www.naukri.com/job-listings-python-developer-billions-united-bengaluru-0-to-2-years-250725500803?src=directSearch&sid=17891194103468089&xp=4&px=1,External company site
2026-09-11 15:07:02,DevOps Engineer,Ticketgateway,https://www.naukri.com/job-listings-devops-engineer-ticketgateway-remote-2-to-6-years-220224501888,External company site
2026-09-11 15:07:04,Python Developer,Appiness Interactive,https://www.naukri.com/job-listings-python-developer-appiness-interactive-pvt-ltd-bengaluru-2-to-3-years-070426500231,External company site
2026-09-11 15:07:05,DevOps Engineer,Ticketgateway,https://www.naukri.com/job-listings-devops-engineer-ticketgateway-remote-2-to-6-years-220224501888?src=directSearch&sid=17891194088548697&xp=2&px=1,External company site
2026-09-11 15:07:07,Python Developer,Appiness Interactive,https://www.naukri.com/job-listings-python-developer-appiness-interactive-pvt-ltd-bengaluru-2-to-3-years-070426500231?src=directSearch&sid=17891194103468089&xp=6&px=1,External company site
2026-09-11 15:07:08,DevOps Engineer,Busigence Technologies,https://www.naukri.com/job-listings-devops-engineer-busigence-technologies-remote-0-to-2-years-220822501193,External company site
2026-09-11 15:07:11,Python Developer,Airo Digital Labs,https://www.naukri.com/job-listings-python-developer-airo-digital-labs-bengaluru-2-to-6-years-220525500996,External company site
2026-09-11 15:07:12,DevOps Engineer,Busigence Technologies,https://www.naukri.com/job-listings-devops-engineer-busigence-technologies-remote-0-to-2-years-220822501193?src=directSearch&sid=17891194088548697&xp=3&px=1,External company site
2026-09-11 15:07:14,Python Developer,Airo Digital Labs,https://www.naukri.com/job-listings-python-developer-airo-digital-labs-bengaluru-2-to-6-years-220525500996?src=directSearch&sid=17891194103468089&xp=12&px=1,External company site
2026-09-11 15:07:15,DEVOPS ENGINEER,Toolbox,https://www.naukri.com/job-listings-devops-engineer-toolbox-remote-1-to-6-years-030926504755,External company site
2026-09-11 15:07:18,Python Developer,Pegasus Knowledge Solutions (PKSI),https://www.naukri.com/job-listings-python-developer-pegasus-knowledge-solutions-india-private-limited-bengaluru-2-to-6-years-290121501232,External company site
2026-09-11 15:07:18,DEVOPS ENGINEER,Toolbox,https://www.naukri.com/job-listings-devops-engineer-toolbox-remote-1-to-6-years-030926504755?src=directSearch&sid=17891194088548697&xp=4&px=1,External company site
2026-09-11 15:07:21,Python Developer,Pegasus Knowledge Solutions (PKSI),https://www.naukri.com/job-listings-python-developer-pegasus-knowledge-solutions-india-private-limited-bengaluru-2-to-6-years-290121501232?src=directSearch&sid=17891194103468089&xp=13&px=1,External company site
2026-09-11 15:07:21,DevOps Engineer,NS Global Corporation,https://www.naukri.com/job-listings-devops-engineer-ns-global-corporation-remote-1-to-5-years-270326502334,External company site
2026-09-11 15:07:24,Python Developer,Stalwart Themius,https://www.naukri.com/job-listings-python-developer-stalwart-themius-bengaluru-2-to-7-years-190226502010,External company site
2026-09-11 15:07:25,DevOps Engineer,NS Global Corporation,https://www.naukri.com/job-listings-devops-engineer-ns-global-corporation-remote-1-to-5-years-270326502334?src=directSearch&sid=17891194088548697&xp=5&px=1,External company site
2026-09-11 15:07:27,Python Developer,Stalwart Themius,https://www.naukri.com/job-listings-python-developer-stalwart-themius-bengaluru-2-to-7-years-190226502010?src=directSearch&sid=17891194103468089&xp=15&px=1,External company site
2026-09-11 15:07:28,DevOps Engineer,Workiy Technologies,https://www.naukri.com/job-listings-devops-engineer-workiy-inc-remote-1-to-4-years-290626502628,External company site
2026-09-11 15:07:31,Animation VFX Python Developer,Naghavi Fintech,https://www.naukri.com/job-listings-animation-vfx-python-developer-naghavi-fintech-bengaluru-2-to-5-years-260724502867,External company site
2026-09-11 15:07:31,DevOps Engineer,Workiy Technologies,https://www.naukri.com/job-listings-devops-engineer-workiy-inc-remote-1-to-4-years-290626502628?src=directSearch&sid=17891194088548697&xp=6&px=1,External company site
2026-09-11 15:07:34,Animation VFX Python Developer,Naghavi Fintech,https://www.naukri.com/job-listings-animation-vfx-python-developer-naghavi-fintech-bengaluru-2-to-5-years-260724502867?src=directSearch&sid=17891194103468089&xp=17&px=1,External company site
2026-09-11 15:07:44,Junior Python Developer,Intechnative Systems & Services,https://www.naukri.com/job-listings-junior-python-developer-intechnative-remote-0-to-2-years-010926506476,External company site
2026-09-11 15:07:44,Dev Ops Engineer,Fathershops,https://www.naukri.com/job-listings-dev-ops-engineer-fathershops-remote-2-to-4-years-290425505038?src=directSearch&sid=17891194088548697&xp=7&px=1,External company site
2026-09-11 15:07:47,Junior Python Developer,Intechnative Systems & Services,https://www.naukri.com/job-listings-junior-python-developer-intechnative-remote-0-to-2-years-010926506476?src=directSearch&sid=17891194567033922&xp=1&px=1,External company site
2026-09-11 15:07:48,DevOps Engineer,Cloudgen Systems,https://www.naukri.com/job-listings-devops-engineer-cloudgen-system-pvt-ltd-remote-2-to-5-years-120826505918,External company site
2026-09-11 15:07:50,Python Developers,Lorven Technologies,https://www.naukri.com/job-listings-python-developers-lorventech-solutions-india-pvt-ltd-remote-0-to-3-years-100326504124,External company site
2026-09-11 15:07:51,Devops Engineer,Qube Cinema,https://www.naukri.com/job-listings-devops-engineer-qube-cinema-remote-2-to-7-years-010426502223,External company site
2026-09-11 15:07:53,Python Developer - (Women Developers),Leegality,https://www.naukri.com/job-listings-python-developer-women-developers-leegality-remote-1-to-2-years-200325505276,External company site
2026-09-11 15:07:55,DevOps Engineer,Busigence Technologies,https://www.naukri.com/job-listings-devops-engineer-busigence-technologies-remote-1-to-4-years-240223501764,External company site
2026-09-11 15:07:57,Python Developer - (Women Developers),Leegality,https://www.naukri.com/job-listings-python-developer-women-developers-leegality-remote-1-to-2-years-200325505276?src=directSearch&sid=17891194567033922&xp=3&px=1,External company site
2026-09-11 15:07:58,DevOps Engineer,Busigence Technologies,https://www.naukri.com/job-listings-devops-engineer-busigence-technologies-remote-1-to-4-years-240223501764?src=directSearch&sid=17891194088548697&xp=10&px=1,External company site
2026-09-11 15:08:01,Python Developer (AWS Lex),Iraitech Innovations & Technologies Pvt.Ltd,https://www.naukri.com/job-listings-python-developer-aws-lex-iraitech-innovations-technologies-pvt-ltd-remote-2-to-4-years-191225504482,External company site
2026-09-11 15:08:02,DevOps Engineer,Springworks,https://www.naukri.com/job-listings-devops-engineer-springworks-remote-2-to-7-years-200426502871,External company site
2026-09-11 15:08:07,DevOps Engineer,Springworks,https://www.naukri.com/job-listings-devops-engineer-springworks-remote-2-to-7-years-200426502871?src=directSearch&sid=17891194088548697&xp=11&px=1,External company site
2026-09-11 15:08:07,Python Developer (AWS Lex),Iraitech Innovations & Technologies Pvt.Ltd,https://www.naukri.com/job-listings-python-developer-aws-lex-iraitech-innovations-technologies-pvt-ltd-remote-2-to-4-years-191225504482?src=directSearch&sid=17891194567033922&xp=4&px=1,External company site
2026-09-11 15:08:11,DevOps Engineer,Decipher Consultancy Services,https://www.naukri.com/job-listings-devops-engineer-decipher-consultancy-services-remote-2-to-4-years-240626505963,External company site
2026-09-11 15:08:11,Jr. Python Developer,Nexturn,https://www.naukri.com/job-listings-jr-python-developer-nexturn-remote-2-to-3-years-100926504202,External company site
2026-09-11 15:08:15,DevOps Engineer,Decipher Consultancy Services,https://www.naukri.com/job-listings-devops-engineer-decipher-consultancy-services-remote-2-to-4-years-240626505963?src=directSearch&sid=17891194088548697&xp=12&px=1,External company site
2026-09-11 15:08:16,Jr. Python Developer,Nexturn,https://www.naukri.com/job-listings-jr-python-developer-nexturn-remote-2-to-3-years-100926504202?src=directSearch&sid=17891194567033922&xp=5&px=1,External company site
2026-09-11 15:08:20,DevOps Engineer,Careplix,https://www.naukri.com/job-listings-devops-engineer-careplix-remote-2-to-5-years-130526500391,External company site
2026-09-11 15:08:21,Python Developer,Swiftsafe,https://www.naukri.com/job-listings-python-developer-swiftsafe-remote-2-to-3-years-090224500618,External company site
2026-09-11 15:08:23,DevOps Engineer,Careplix,https://www.naukri.com/job-listings-devops-engineer-careplix-remote-2-to-5-years-130526500391?src=directSearch&sid=17891194088548697&xp=13&px=1,External company site
2026-09-11 15:08:24,Python Developer,Swiftsafe,https://www.naukri.com/job-listings-python-developer-swiftsafe-remote-2-to-3-years-090224500618?src=directSearch&sid=17891194567033922&xp=6&px=1,External company site
2026-09-11 15:08:27,DevOps Engineer,Hruta Solutions,https://www.naukri.com/job-listings-devops-engineer-hureta-solutions-remote-2-to-5-years-120626505853,External company site
2026-09-11 15:08:28,Python Developer,Upstack,https://www.naukri.com/job-listings-python-developer-upstack-remote-2-to-5-years-260822501622,External company site
2026-09-11 15:08:30,DevOps Engineer,Hruta Solutions,https://www.naukri.com/job-listings-devops-engineer-hureta-solutions-remote-2-to-5-years-120626505853?src=directSearch&sid=17891194088548697&xp=14&px=1,External company site
2026-09-11 15:08:32,Python Developer,Upstack,https://www.naukri.com/job-listings-python-developer-upstack-remote-2-to-5-years-260822501622?src=directSearch&sid=17891194567033922&xp=8&px=1,External company site
2026-09-11 15:08:34,Dev Ops Engineer,Fathershops,https://www.naukri.com/job-listings-dev-ops-engineer-fathershops-remote-2-to-4-years-130525502990,External company site
2026-09-11 15:08:35,Python Developer,Vistawaystech Llp,https://www.naukri.com/job-listings-python-developer-vistawaystech-llp-remote-2-to-5-years-050826501954,External company site
2026-09-11 15:08:38,Dev Ops Engineer,Fathershops,https://www.naukri.com/job-listings-dev-ops-engineer-fathershops-remote-2-to-4-years-130525502990?src=directSearch&sid=17891194088548697&xp=15&px=1,External company site
2026-09-11 15:08:39,Python Developer,Vistawaystech Llp,https://www.naukri.com/job-listings-python-developer-vistawaystech-llp-remote-2-to-5-years-050826501954?src=directSearch&sid=17891194567033922&xp=9&px=1,External company site
2026-09-11 15:08:42,DevOps Engineer,"Innovativeai, Inc.",https://www.naukri.com/job-listings-devops-engineer-innovativeai-inc-remote-2-to-6-years-140726503973,External company site
2026-09-11 15:08:43,Python Developer,Papigen,https://www.naukri.com/job-listings-python-developer-papigen-private-limited-remote-2-to-5-years-310826500178,External company site
2026-09-11 15:08:45,DevOps Engineer,"Innovativeai, Inc.",https://www.naukri.com/job-listings-devops-engineer-innovativeai-inc-remote-2-to-6-years-140726503973?src=directSearch&sid=17891194088548697&xp=16&px=1,External company site
2026-09-11 15:08:46,Python Developer,Papigen,https://www.naukri.com/job-listings-python-developer-papigen-private-limited-remote-2-to-5-years-310826500178?src=directSearch&sid=17891194567033922&xp=10&px=1,External company site
2026-09-11 15:08:48,DevOps Engineer,Cito Techno,https://www.naukri.com/job-listings-devops-engineer-cito-techno-remote-2-to-5-years-270826504660,External company site
2026-09-11 15:08:49,Python Developer,Techknowledgehub,https://www.naukri.com/job-listings-python-developer-techknowledgehub-remote-2-to-6-years-220424500462,External company site
2026-09-11 15:08:51,DevOps Engineer,Cito Techno,https://www.naukri.com/job-listings-devops-engineer-cito-techno-remote-2-to-5-years-270826504660?src=directSearch&sid=17891194088548697&xp=17&px=1,External company site
2026-09-11 15:08:53,Python Developer,Techknowledgehub,https://www.naukri.com/job-listings-python-developer-techknowledgehub-remote-2-to-6-years-220424500462?src=directSearch&sid=17891194567033922&xp=11&px=1,External company site
2026-09-11 15:08:55,DevOps Engineer,Kyptronix,https://www.naukri.com/job-listings-devops-engineer-kyptronix-llp-remote-2-to-7-years-070926501210,External company site
2026-09-11 15:08:57,Python Developer,Neuralgo,https://www.naukri.com/job-listings-python-developer-neuralgo-remote-2-to-5-years-050826501909,External company site
2026-09-11 15:08:59,DevOps Engineer,Kyptronix,https://www.naukri.com/job-listings-devops-engineer-kyptronix-llp-remote-2-to-7-years-070926501210?src=directSearch&sid=17891194088548697&xp=18&px=1,External company site
2026-09-11 15:09:00,Python Developer,Neuralgo,https://www.naukri.com/job-listings-python-developer-neuralgo-remote-2-to-5-years-050826501909?src=directSearch&sid=17891194567033922&xp=12&px=1,External company site
2026-09-11 15:09:02,DevOps Engineer,Aampe,https://www.naukri.com/job-listings-devops-engineer-aampe-remote-2-to-6-years-140525503529,External company site
2026-09-11 15:09:04,Python AI Developer,Kyptronix,https://www.naukri.com/job-listings-python-ai-developer-kyptronix-llp-remote-2-to-7-years-070926501119,External company site
2026-09-11 15:09:06,DevOps Engineer,Aampe,https://www.naukri.com/job-listings-devops-engineer-aampe-remote-2-to-6-years-140525503529?src=directSearch&sid=17891194088548697&xp=19&px=1,External company site
2026-09-11 15:09:08,Python AI Developer,Kyptronix,https://www.naukri.com/job-listings-python-ai-developer-kyptronix-llp-remote-2-to-7-years-070926501119?src=directSearch&sid=17891194567033922&xp=13&px=1,External company site
2026-09-11 15:09:09,DevOps Engineer,Sparix Global,https://www.naukri.com/job-listings-devops-engineer-sparix-global-private-limited-remote-2-to-6-years-230626506784,External company site
2026-09-11 15:09:11,Full Stack Python Developer,Aritha,https://www.naukri.com/job-listings-full-stack-python-developer-aritha-remote-2-to-4-years-071024503467,External company site
2026-09-11 15:09:13,DevOps Engineer,Sparix Global,https://www.naukri.com/job-listings-devops-engineer-sparix-global-private-limited-remote-2-to-6-years-230626506784?src=directSearch&sid=17891194088548697&xp=20&px=1,External company site
2026-09-11 15:09:14,Full Stack Python Developer,Aritha,https://www.naukri.com/job-listings-full-stack-python-developer-aritha-remote-2-to-4-years-071024503467?src=directSearch&sid=17891194567033922&xp=14&px=1,External company site
2026-09-11 15:09:17,Python & AI Developer,Sparix Global,https://www.naukri.com/job-listings-python-ai-developer-sparix-global-private-limited-remote-2-to-5-years-240426500837,External company site
2026-09-11 15:09:20,Python & AI Developer,Sparix Global,https://www.naukri.com/job-listings-python-ai-developer-sparix-global-private-limited-remote-2-to-5-years-240426500837?src=directSearch&sid=17891194567033922&xp=15&px=1,External company site
2026-09-11 15:09:23,Software Engineer,Writesonic,https://www.naukri.com/job-listings-software-engineer-writesonic-remote-1-to-3-years-280126501156,External company site
2026-09-11 15:09:26,Software Engineer,Writesonic,https://www.naukri.com/job-listings-software-engineer-writesonic-remote-1-to-3-years-280126501156?src=directSearch&sid=17891194567033922&xp=16&px=1,External company site
2026-09-11 15:09:40,KVM Developer,NS Global Corporation,https://www.naukri.com/job-listings-kvm-developer-ns-global-corporation-remote-1-to-5-years-210526505412?src=directSearch&sid=17891194567033922&xp=17&px=1,No Apply button
2026-09-11 15:09:48,AI Software Engineer (Early Career),Kiprosh,https://www.naukri.com/job-listings-ai-software-engineer-early-career-kiprosh-remote-0-to-2-years-260526500398,External company site
2026-09-11 15:09:51,AI Software Engineer (Early Career),Kiprosh,https://www.naukri.com/job-listings-ai-software-engineer-early-career-kiprosh-remote-0-to-2-years-260526500398?src=directSearch&sid=17891194567033922&xp=18&px=1,External company site
2026-09-11 15:09:54,BigCommerce Developer,Som Imaging Informatics,https://www.naukri.com/job-listings-bigcommerce-developer-som-imaging-informatics-pvt-ltd-remote-2-to-5-years-250825500506,External company site
2026-09-11 15:09:57,BigCommerce Developer,Som Imaging Informatics,https://www.naukri.com/job-listings-bigcommerce-developer-som-imaging-informatics-pvt-ltd-remote-2-to-5-years-250825500506?src=directSearch&sid=17891194567033922&xp=19&px=1,External company site
2026-09-11 15:10:00,GStreamer Developer,Wobot Labs,https://www.naukri.com/job-listings-gstreamer-developer-wobot-intelligence-private-limited-remote-2-to-6-years-031122500003,External company site
2026-09-11 15:10:04,GStreamer Developer,Wobot Labs,https://www.naukri.com/job-listings-gstreamer-developer-wobot-intelligence-private-limited-remote-2-to-6-years-031122500003?src=directSearch&sid=17891194567033922&xp=20&px=1,External company site
2026-09-11 15:10:22,Azure DevOps Engineer,Henson Group,https://www.naukri.com/job-listings-azure-devops-engineer-henson-group-mumbai-delhi-ncr-bengaluru-0-to-2-years-100926917561?src=directSearch&sid=17891196047945670&xp=2&px=1,No Apply button
2026-09-11 15:10:31,Junior DevOps Engineer,Eyes On Cloud,https://www.naukri.com/job-listings-junior-devops-engineer-eyesoncloud-bengaluru-0-to-3-years-220626503633,External company site
2026-09-11 15:10:34,Junior DevOps Engineer,Eyes On Cloud,https://www.naukri.com/job-listings-junior-devops-engineer-eyesoncloud-bengaluru-0-to-3-years-220626503633?src=directSearch&sid=17891196047945670&xp=5&px=1,External company site
2026-09-11 15:10:49,Red Hat Engineer ( Linux & DevOps ),QCS Dc Labs,https://www.naukri.com/job-listings-red-hat-engineer-linux-devops-qcs-dc-labs-bengaluru-1-to-5-years-120826920462?src=directSearch&sid=17891196047945670&xp=6&px=1,No Apply button
2026-09-11 15:11:19,CI/CD - DevOps Software Engineer,Arivon Technologies,https://www.naukri.com/job-listings-ci-cd-devops-software-engineer-arivon-technologies-bengaluru-2-to-6-years-190924501307,External company site
2026-09-11 15:11:22,CI/CD - DevOps Software Engineer,Arivon Technologies,https://www.naukri.com/job-listings-ci-cd-devops-software-engineer-arivon-technologies-bengaluru-2-to-6-years-190924501307?src=directSearch&sid=17891196047945670&xp=8&px=1,External company site
